codigo;nombre;codigo;nombre;
1;ACTIVO;;;
11;CORRIENTE;;;
111;DISPONIBILIDADES;;;
11110;RECAUDACIONES A DEPOSITAR;;;
11110001;RECAUD. A DEP. CENTRAL;1.1.1.1.1.1.1;RECAUDACIONES A DEPOSITAR CENTRAL;39
11110002;RECAUD. A DEP. SUC-ABASTO;;NO APLICA;#N/D
11110003;RECAUD. A DEP. SUC. SHOP;;NO APLICA;#N/D
11110004;CAJA;;NO APLICA;#N/D
11110005;TRANSACCIONES POS INFONET;;NO APLICA;#N/D
11110006;RECAUD. A DEP. SUC. EESS;;NO APLICA;#N/D
11110007;RECAUD. A DEP. SUC. SAN IGNACIO;;NO APLICA;#N/D
11110008;RECAUD. A DEP. SUC. ENCARNACION;1.1.1.1.1.1.2;RECAUDACIONES A DEPOSITAR ENCARNACION;40
11110009;RECAUD. A DEP. SUC. OVIEDO;1.1.1.1.1.1.3;RECAUDACIONES A DEPOSITAR OVIEDO;41
11120;FONDO FIJO;;NO APLICA;#N/D
11120001;FONDO FIJO CENTRAL;1.1.1.2.1.1.1;FONDO FIJO CENTRAL;45
11120002;FONDO FIJO SUC-ABASTO;;NO APLICA;#N/D
11120003;FONDO FIJO SUC-EESS;;NO APLICA;#N/D
11120004;FONDO FIJO AGRICOLA_COLONIA;1.1.1.2.1.1.2;FONDO FIJO FORESTAL_COLONIA;46
11120005;FONDO FIJO GANADERIA LP;1.1.1.2.1.1.3;FONDO FIJO GANADERIA;47
11120006;FONDO FIJO AGRICOLA_ADM.;;NO APLICA;#N/D
11120007;FONDO DE CAMBIO EESS;;NO APLICA;#N/D
11120008;FONDO FIJO CENTRAL ADM.;1.1.1.2.1.1.4;FONDO FIJO CENTRAL ADM.;48
11120009;FONDO FIJO SAN IGNACIO;1.1.1.2.1.1.1;FONDO FIJO CENTRAL;45
11120010;FONDO FIJO ENCARNACION;1.1.1.2.1.1.5;FONDO FIJO ENCARNACION;49
11120011;FONDO FIJO CNEL.OVIEDO;1.1.1.2.1.1.6;FONDO FIJO CORONEL OVIEDO;50
11130;BANCOS MONEDA NACIONAL;;NO APLICA;#N/D
11130001;ITAU S.A.;1.1.1.3.1.1.1;BANCO ITAU S.A.;58
11130002;BANCO CONTINENTAL;1.1.1.3.1.1.2;BANCO CONTINENTAL SAECA;59
11130003;BANCO SUDAMERIS;1.1.1.3.1.1.3;BANCO SUDAMERIS SAECA;60
11130004;CITIBANK S.A.;;NO APLICA;#N/D
11130005;BANCO GNB PARAGUAY S.A.;1.1.1.3.1.1.4;BANCO GNB PARAGUAY S.A.;61
11130006;B.N.F.;1.1.1.3.1.1.5;BANCO NACIONAL DE FOMENTO S.A.;62
11130007;BANCO BASA S.A.;1.1.1.3.1.1.6;BANCO BASA S.A.;63
11130008;BANCO DO BRASIL;1.1.1.3.1.1.7;BANCO DO BRASIL S.A.;64
11130009;BBVA BANCO S.A.;1.1.1.3.1.1.8;BANCO GNB EN PROCESO FUSION;65
11130010;BANCO DE LA NACION ARGENTINA;;NO APLICA;#N/D
11130011;BANCO REGIONAL;1.1.1.3.1.1.9;BANCO REGIONAL S.A.;66
11130012;BANCO ATLAS S.A.;1.1.1.3.1.1.10;BANCO ATLAS S.A.;67
11130013;VISION BANCO;1.1.1.3.1.1.11;BANCO VISION S.A.;68
11130014;BANCOP;1.1.1.3.1.1.12;BANCO BANCOP S.A.;69
11130015;BANCO FAMILIAR SAECA;1.1.1.3.1.1.13;BANCO FAMILIAR SAECA;70
11130016;BCO. FAMILIAR - FONDO FIJO LP;1.1.1.3.1.1.14;BANCO FAMILIAR FONDO FIJO LP;71
11130017;BCO. FAMILIAR FONDO FIJO COL;1.1.1.3.1.1.15;BANCO FAMILIAR FONDO FIJO COL;72
11130018;BCO. FAMILIAR FONDO FIJO SIGN;1.1.1.3.1.1.16;BANCO FAMILIAR FONDO FIJO SIGN;73
11130019;BCO. FAMILIAR FONDO FIJO ENC;1.1.1.3.1.1.17;BANCO FAMILIAR FONDO FIJO OVI;75
11130020;BCO. FAMILIAR FONDO FIJO OVI;1.1.1.3.1.1.18;BANCO FAMILIAR FONDO FIJO ENC;670
11140;BANCOS MONEDA EXTRANJERA;;NO APLICA;#N/D
11140001;ITAU S.A. $;1.1.1.3.2.1.1;BANCO ITAU S.A. (USD);78
11140002;BBVA BANCO S.A. ~$;1.1.1.3.2.1.2;BANCO GNB EN PROCESO DE FUSION (USD);79
11140003;BANCO DO BRASIL USD;1.1.1.3.2.1.3;BANCO DO BRASIL S.A. (USD);80
11140015;BANCO FAMILIAR USD;1.1.1.3.2.1.4;BANCO FAMILIAR S.A.E.C.A. (USD);81
11150;INVERSIONES TEMPORARIAS;;NO APLICA;#N/D
11150001;CDA_ BANCO REGIONAL;1.1.2.1.1.1.1;CERTIFICADOS DE DEPOSITOS DE AHORROS;86
11150002;CDA _ BBVA S.A.;1.1.2.1.1.1.1;CERTIFICADOS DE DEPOSITOS DE AHORROS;86
11150003;CDA_ SUDAMERIS S.A.;1.1.2.1.1.1.1;CERTIFICADOS DE DEPOSITOS DE AHORROS;86
11150004;CDA_ GNB;1.1.2.1.1.1.1;CERTIFICADOS DE DEPOSITOS DE AHORROS;86
11150005;CDA_ VISION BANCO;1.1.2.1.1.1.1;CERTIFICADOS DE DEPOSITOS DE AHORROS;86
11150006;CDA_ CONTINENTAL;1.1.2.1.1.1.1;CERTIFICADOS DE DEPOSITOS DE AHORROS;86
11150007;CDA_ ATLAS;1.1.2.1.1.1.1;CERTIFICADOS DE DEPOSITOS DE AHORROS;86
11150008;CDA_ BANCOP;1.1.2.1.1.1.1;CERTIFICADOS DE DEPOSITOS DE AHORROS;86
11150009;CDA_ FAMILIAR;1.1.2.1.1.1.1;CERTIFICADOS DE DEPOSITOS DE AHORROS;86
11150020;PTMO. FINANCIERO OTORGADO;1.1.3.2.1.1.3;PRESTAMOS A EMPRESAS VINCULADAS;107
112;CREDITOS;;NO APLICA;#N/D
11210;DEUDORES POR VENTAS;;NO APLICA;#N/D
11210001;DV-DISTRIBUCION;1.1.3.1.1.1.1;DV_ DEUDORES DISTRIBUCION;93
11210002;DV-ESTACION PETROBRAS;1.1.3.1.1.1.2;DV_ DEUDORES VARIOS;94
11210003;DV-ESTACION EESS (Correcaminos);1.1.3.1.1.1.2;DV_ DEUDORES VARIOS;94
11210004;DV-GANADERIA;1.1.3.1.1.1.1;DV_ DEUDORES DISTRIBUCION;93
11210005;DV-AGRO AZPA;1.1.3.1.1.1.3;DV_ EMPRESAS VINCULADAS;95
11210006;DV-CHEQ. DIF. RECIBIDOS;1.1.3.1.1.1.4;DV_ CHEQUES DIFERIDOS RECIBIDOS;96
11210007;DV-CHEQ. RECHAZADOS;1.1.3.1.1.1.5;DV_ CHEQUES RECHAZADOS;97
11210008;DV-DE DUDOSO COBRO;1.1.3.1.1.1.6;DV_ DUDOSO COBRO;98
11210009;DV-EN COBRO JUDICIAL;1.1.3.1.1.1.7;DV_ COBRO JUDICIAL;99
11210010;DV-DEUDORES VARIOS;1.1.3.1.1.1.2;DV_ DEUDORES VARIOS;94
11210011;DV-DOCUMENTOS A COBRAR;1.1.3.1.1.1.9;DV_ DOCUMENTOS A COBRAR;101
11210012;DV-EN GESTION DE COBRO;1.1.3.1.1.1.8;DV_ EN GESTION DE COBRO;100
11210013;DV-AZUCARERA PARAGUAYA S.A.;1.1.3.1.1.1.3;DV_ EMPRESAS VINCULADAS;95
11210014;DV-AGROFER S.A.C.I.;1.1.3.1.1.1.3;DV_ EMPRESAS VINCULADAS;95
11210015;DV-ALCOPAR S.A.;1.1.3.1.1.1.3;DV_ EMPRESAS VINCULADAS;95
11210016;DV-AMERICA SUR TRANSPORTE S.A.;1.1.3.1.1.1.3;DV_ EMPRESAS VINCULADAS;95
11210017;DV-FERAMAX;1.1.3.1.1.1.3;DV_ EMPRESAS VINCULADAS;95
11210018;DV- PETROBRAS PARAGUAY DIST.;1.1.3.1.1.1.2;DV_ DEUDORES VARIOS;94
11210099;PREVIS. CREDITOS INCOBRABLES;1.1.3.1.1.1.10;PREVISION PARA CREDITOS INCOBRABLES;297
11220;OTROS CREDITOS;;NO APLICA;#N/D
11220001;ANTICIPO DE SUELDO AL PERSONAL;1.1.3.5.1.1.5;ANTICIPO DE SUELDO AL PERSONAL;137
11220002;FONDOS A RENDIR;1.1.3.5.1.1.6;FONDOS A RENDIR;675
11220003;ANTICIPO A PROVEEDORES;1.1.3.4.1.1.1;ANTICIPO A PROVEEDORES LOCALES;126
11220004;ANTICIPO MUNICIPALIDAD TEBICUARY;;NO APLICA;#N/D
11220005;ANTICIPOS LITIGIOS EN CURSO;;NO APLICA;#N/D
11220006;ANTICIPO DE IMPUESTO A LA RENTA;1.1.3.3.1.1.4;ANTICIPO DE IMPUESTO A LA RENTA (IRE);118
11220007;ANTICIPO IMPUESTO A LA RENTA IMAGRO;;NO APLICA;#N/D
11220008;I.V.A. 5%;1.1.3.3.1.1.1;IVA CREDITO FISCAL 5%;115
11220009;I.V.A. AL 10%;1.1.3.3.1.1.2;IVA CREDITO FISCAL 10%;116
11220010;I.V.A. IMAGRO;;NO APLICA;#N/D
11220011;RETENCIONES DE I.V.A.;1.1.3.3.1.1.3;RETENCIONES DE IVA COMPUTABLES;117
11220012;RETENCIONES DE RENTA;1.1.3.3.1.1.5;RETENCIONES DE IMPUESTO A LA RENTA (IRE);119
11220013;DIVIDENDOS A COBRAR;1.1.3.5.1.1.1;DIVIDENDOS A COBRAR;133
11220014;ANTICIPO A FLETEROS DISTRIBUCION;1.1.3.4.1.1.1;ANTICIPO A PROVEEDORES LOCALES;126
11220015;ACUERDOS - A RECUPERAR DE PROV - FTK;1.1.3.5.1.1.2;GASTOS A RECUPERAR;134
11220016;ACUERDOS - A RECUPERAR DE PROV - VARIOS;1.1.3.5.1.1.2;GASTOS A RECUPERAR;134
11220017;RETENCIONES A RECUPERAR DE PROVEEDORES;1.1.3.5.1.1.3;RETENCIONES A RECUPERAR DE PROVEEDORES;135
11220018;ANTICIPO A DESPACHANTES_JM;1.1.3.4.1.1.3;ANTICIPO A DESPACHANTES;128
11220019;ANTICIPO A DESPACHANTES_MM;1.1.3.4.1.1.3;ANTICIPO A DESPACHANTES;128
11220020;I.V.A. IRAGRO 5%;;NO APLICA;#N/D
11220021;I.V.A. IRAGRO 10%;;NO APLICA;#N/D
11220022;RETENCION  I.D.U. COBRO DIVIDENDOS;1.1.3.3.1.1.6;RETENCION I.D.U. (COBRO DE DIVIDENDOS);120
11220030;INTERESES A COBRAR _ CDA;1.1.2.1.1.1.2;INTERESES A COBRAR CDA;109
11220031;INTERESES A VENCER _ CDA;1.1.2.1.1.1.3;INTERESES A VENCER CDA;296
11220032;PRESTAMOS AL PERSONAL;1.1.3.2.1.1.2;PRESTAMOS A EMPLEADOS;106
11220033;CREDITOS FISCALES DISPONIBLES Y TRANSF.;1.1.3.3.1.1.7;CREDITOS FISCALES DISPONIBLES Y TRANSF.;121
11220034;INTERESES A COBRAR _ PTMO.;1.1.3.2.1.1.4;INTERESES A COBRAR PRESTAMOS;108
11220035;INTERESES A VENCER_PTMO;1.1.3.2.1.1.5;INTERESES A VENCER PRESTAMOS;298
11220036;GARANTÍA DE ALQUILER;1.1.3.5.1.1.4;GARANTIA DE ALQUILER;136
113;BIENES DE CAMBIO;;NO APLICA;#N/D
11310;MERCADERIAS DISTRIBUCION CENTRAL;;NO APLICA;#N/D
11310101;MD-AZUCAR A GRANEL;1.1.4.1.1.1.1;MD_ AZUCAR A GRANEL;142
11310102;MD-AZUCAR FRACC. SARIC;1.1.4.1.1.1.2;MD_ AZUCAR FRACCIONADA;143
11310103;MD-AZUCAR FRACC. VARIOS;1.1.4.1.1.1.2;MD_ AZUCAR FRACCIONADA;143
11310104;MD-PRODUCTOS MANFREY;1.1.4.1.1.1.3;MD_ MERCADERIAS VARIAS;144
11310105;MD-PRODUCTOS CHACABUCO;1.1.4.1.1.1.3;MD_ MERCADERIAS VARIAS;144
11310106;MD-PRODUCTOS RPB;1.1.4.1.1.1.3;MD_ MERCADERIAS VARIAS;144
11310107;MD-FRUTIKA;1.1.4.1.1.1.3;MD_ MERCADERIAS VARIAS;144
11310108;MD-AZUCAR RECHAZO DE ZARANDA;1.1.4.1.1.1.1;MD_ AZUCAR A GRANEL;142
11310109;MD-ENLATADOS.;1.1.4.1.1.1.3;MD_ MERCADERIAS VARIAS;144
11310110;MD- NUTRIPET S.A.U.;1.1.4.1.1.1.3;MD_ MERCADERIAS VARIAS;144
11310120;MD- VARIOS ENCARNACION;1.1.4.1.1.1.3;MD_ MERCADERIAS VARIAS;144
11310197;MD-MERCADERIAS EN JUICIO;1.1.4.1.1.1.3;MD_ MERCADERIAS VARIAS;144
11310198;MD-CARBON VEGETAL;1.1.4.1.1.1.3;MD_ MERCADERIAS VARIAS;144
11310199;MD-MERCADERIAS VARIAS;1.1.4.1.1.1.3;MD_ MERCADERIAS VARIAS;144
11311;MERCADERIAS DISTRIBUCION ABASTO;;NO APLICA;#N/D
11311101;MA-AZUCAR A GRANEL;;NO APLICA;#N/D
11311102;MA-AZUCAR FRACC. SARIC;;NO APLICA;#N/D
11311103;MA-AZUCAR FRACC. VARIOS;;NO APLICA;#N/D
11311104;MA-PRODUCTOS MANFREY;;NO APLICA;#N/D
11311105;MA-PRODUCTOS CHACABUCO;;NO APLICA;#N/D
11311106;MA-PRODUCTOS RPB;;NO APLICA;#N/D
11311107;MA-FRUTIKA;;NO APLICA;#N/D
11311199;MA-MERCADERIAS VARIAS;;NO APLICA;#N/D
11312;MERCADERIAS INDUSTRIALES;;NO APLICA;#N/D
11312101;MI-INDUSTRIALES;1.1.4.1.1.1.3;MD_ MERCADERIAS VARIAS;144
11312102;MI-REFRACTARIOS;1.1.4.1.1.1.3;MD_ MERCADERIAS VARIAS;144
11313;MERCADERIAS EN CURSO DE IMPORTAC.;;NO APLICA;#N/D
11313101;IC-MANFREY;1.1.4.1.1.2.1;IC_ MERCADERIAS VARIAS;194
11313102;IC-MOLINOS CHACABUCO;1.1.4.1.1.2.1;IC_ MERCADERIAS VARIAS;194
11313103;IC-RPB S.A.;1.1.4.1.1.2.1;IC_ MERCADERIAS VARIAS;194
11313104;IC-NUTRIMENTAL S.A.;1.1.4.1.1.2.1;IC_ MERCADERIAS VARIAS;194
11313105;IC-MOCOCA;1.1.4.1.1.2.1;IC_ MERCADERIAS VARIAS;194
11313106;IC-TANONI HNOS.;1.1.4.1.1.2.1;IC_ MERCADERIAS VARIAS;194
11313107;IC-HAPETE;1.1.4.1.1.2.1;IC_ MERCADERIAS VARIAS;194
11313108;IC - SUN LI AND SAI SUN;1.1.4.1.1.2.1;IC_ MERCADERIAS VARIAS;194
11313109;IC- PAVLIDES;1.1.4.1.1.2.1;IC_ MERCADERIAS VARIAS;194
11313110;IC-ODERICH S.A.;1.1.4.1.1.2.1;IC_ MERCADERIAS VARIAS;194
11313111;IC - PETROPACK;1.1.4.1.1.2.1;IC_ MERCADERIAS VARIAS;194
11313112;IC- TIRMA S.A.;1.1.4.1.1.2.1;IC_ MERCADERIAS VARIAS;194
11313113;IC- NUTRIPET S.A.U.;1.1.4.1.1.2.1;IC_ MERCADERIAS VARIAS;194
11313199;IC- VARIOS;1.1.4.1.1.2.1;IC_ MERCADERIAS VARIAS;194
11314;MERCADERIAS PLAYA ESSO;;NO APLICA;#N/D
11314101;GASOIL;;NO APLICA;#N/D
11314102;NAFTAS;;NO APLICA;#N/D
11314103;LUBRICANTES;;NO APLICA;#N/D
11314104;GARRAFAS;;NO APLICA;#N/D
11314105;REPUESTOS Y ACCESORIOS;;NO APLICA;#N/D
11314106;CAMARAS Y CUBIERTAS;;NO APLICA;#N/D
11314107;VARIOS;;NO APLICA;#N/D
11314108;EESS_DIESEL COMUN;;NO APLICA;#N/D
11314109;EESS_EXTRA DIESEL ADIT.;;NO APLICA;#N/D
11314110;EESS_DIESEL PODIUM;;NO APLICA;#N/D
11314111;EESS_NAFTA ECONOMICA;;NO APLICA;#N/D
11314112;EESS_NAFTA SUPER;;NO APLICA;#N/D
11314113;EESS_COMBUSTIBLES FLOTA;;NO APLICA;#N/D
11315;MERCADERIAS SHOP ESSO;;NO APLICA;#N/D
11315101;SHOP_VARIOS;1.1.4.1.1.2.1;IC_ MERCADERIAS VARIAS;194
11315102;SHOP - MATERIA PRIMA;;NO APLICA;#N/D
11316;GANADO BOVINO;;NO APLICA;#N/D
11316101;TERNEROS;1.1.4.1.5.1.1;TERNEROS;176
11316102;DESMAMANTES;1.1.4.1.5.1.2;DESMAMANTES;177
11316103;NOVILLOS;1.1.4.1.5.1.3;NOVILLOS;178
11316104;VAQUILLAS;1.1.4.1.5.1.4;VAQUILLAS;179
11316105;VACAS;1.1.4.1.5.1.5;VACAS;180
11316106;TOROS;1.1.4.1.5.1.6;TOROS;181
11316111;TERNEROS (VNR);1.1.4.1.5.1.7;TERNEROS (VNR);182
11316112;DESMAMANTES (VNR);1.1.4.1.5.1.8;DESMAMANTE (VNR);183
11316113;NOVILLOS (VNR);1.1.4.1.5.1.9;NOVILLOS (VNR);184
11316114;VAQUILLAS (VNR);1.1.4.1.5.1.10;VAQUILLAS (VNR);185
11316115;VACAS (VNR);1.1.4.1.5.1.11;VACAS (VNR);186
11316116;TOROS (VNR);1.1.4.1.5.1.12;TOROS (VNR);187
11317;GANADO EQUINO;;NO APLICA;#N/D
11317101;EQUINOS;1.1.4.1.5.1.13;EQUINO;188
11317102;EQUINOS (VNR);1.1.4.1.5.1.14;EQUINO (VNR);189
11318;GANADO OVINO;;NO APLICA;#N/D
11318101;OVINOS;;NO APLICA;#N/D
11318102;OVINOS (VNR);;NO APLICA;#N/D
11319;MERCADERIAS AGRICOLAS;;NO APLICA;#N/D
11319101;CAÑA DE AZUCAR;;NO APLICA;#N/D
11320;PROD. EN PROCESO-AZUCAR;;NO APLICA;#N/D
11320101;MATERIA PRIMA AZ;1.1.4.1.3.1.1;AZUCAR A GRANEL;151
11320102;MANO DE OBRA AZ;1.1.4.1.4.1.3;MANO DE OBRA AZUCAR;682
11320103;CARGA FABRIL AZ;1.1.4.1.4.1.1;CARGA FABRIL AZUCAR;680
11321;PROD. EN PROCESO-ARROZ;;NO APLICA;#N/D
11321101;MATERIA PRIMA AR;;NO APLICA;#N/D
11321102;MANO DE OBRA AR;;NO APLICA;#N/D
11321103;CARGA FABRIL AR;;NO APLICA;#N/D
11322;PROD. EN PROCESO-AZUCAR A RECUPERAR AZPA;;NO APLICA;#N/D
11322101;AZUCAR A GRANEL;;NO APLICA;#N/D
11323;PROD. EN PROCESO-REFRACTARIOS;;NO APLICA;#N/D
11323101;MATERIA PRIMA RF;1.1.4.1.3.2.1;CAOLIN;154
11323102;MANO DE OBRA RF;1.1.4.1.4.1.4;MANO DE OBRA REFRACTARIO;683
11323103;CARGA FABRIL RF;1.1.4.1.4.1.2;CARGA FABRIL REFRACTARIO;681
11323104;MATERIA PRIMA CARBON;;NO APLICA;#N/D
11323105;MANO DE OBRA CARBON;;NO APLICA;#N/D
11323106;CARGA FABRIL CARBON;;NO APLICA;#N/D
11324;PROD. EN PROCESO AGRICOLA;;NO APLICA;#N/D
11324101;PP-LOS PINOS;;NO APLICA;#N/D
11324102;PP-LOMAS CC;;NO APLICA;#N/D
11324103;PP-LOMAS CO;;NO APLICA;#N/D
11324104;PP-MALVINAS CC;;NO APLICA;#N/D
11324105;PP-OVANDO CC;;NO APLICA;#N/D
11324106;PP-OVANDO CO;;NO APLICA;#N/D
11324107;PP-ARECO CC;;NO APLICA;#N/D
11324108;PP-MALVINAS CC02;;NO APLICA;#N/D
11324109;PP-NORTE CC;;NO APLICA;#N/D
11324201;CC-LOS PINOS;;NO APLICA;#N/D
11324202;CC-LOMAS CC;;NO APLICA;#N/D
11324203;CC-LOMAS CO;;NO APLICA;#N/D
11324204;CC-MALVINAS CC;;NO APLICA;#N/D
11324205;CC-OVANDO CC;;NO APLICA;#N/D
11324206;CC-OVANDO CO;;NO APLICA;#N/D
11324207;CC-ARECO CC;;NO APLICA;#N/D
11324208;CC-MALVINAS CC02;;NO APLICA;#N/D
11324209;CC-NORTE CC;;NO APLICA;#N/D
11324301;CT-LOS PINOS;;NO APLICA;#N/D
11324302;CT-LOMAS CC;;NO APLICA;#N/D
11324303;CT-LOMAS CO;;NO APLICA;#N/D
11324304;CT-MALVINAS CC;;NO APLICA;#N/D
11324305;CT-OVANDO CC;;NO APLICA;#N/D
11324306;CT-OVANDO CO;;NO APLICA;#N/D
11324307;CT-ARECO CC;;NO APLICA;#N/D
11324308;CT-MALVINAS CC02;;NO APLICA;#N/D
11324309;CT-NORTE CC;;NO APLICA;#N/D
11324401;CI-LOS PINOS;;NO APLICA;#N/D
11324402;CI-LOMAS CC;;NO APLICA;#N/D
11324403;CI-LOMAS CO;;NO APLICA;#N/D
11324404;CI-MALVINAS CC;;NO APLICA;#N/D
11324405;CI-OVANDO CC;;NO APLICA;#N/D
11324406;CI-OVANDO CO;;NO APLICA;#N/D
11324407;CI-ARECO CC;;NO APLICA;#N/D
11324408;CI-MALVINAS CC02;;NO APLICA;#N/D
11324409;CI-NORTE CC;;NO APLICA;#N/D
11324501;TRAC.-SUELDOS Y JORNALES;5.1.2.3.1.1.1;GTF_ SUELDOS Y JORNALES;626
11324502;TRAC.-BONIFICACION FAMILIAR;5.1.2.3.1.1.5;GTF_ BONIFICACION FAMILIAR;630
11324503;TRAC.-VACACIONES PAGADAS;5.1.2.3.1.1.3;GTF_ VACACIONES PAGADAS;628
11324504;TRAC.-AGUINALDOS;5.1.2.3.1.1.6;GTF_ AGUINALDOS;631
11324505;TRAC.-INDEMN. Y PREAVISO;5.1.2.3.1.1.7;GTF_ INDEMNIZACION Y PREAVISO;632
11324506;TRAC.-APORTE PATRONAL;5.1.2.3.1.1.4;GTF_ APORTE PATRONAL;629
11324507;TRAC.-PREST. DE ALIMENTOS_VIATICOS;5.1.2.3.1.1.8;GTF_ PRESTACION DE ALIMENTOS;633
11324508;TRAC.-PROVISION DE COMBUST.;5.1.2.3.1.1.15;GTF_ COMBUSTIBLES Y LUBRICANTES;640
11324509;TRAC.-MANT. DE MAQUINARIAS;5.1.2.3.1.1.31;GTF_ REPARACION Y MANTENIMIENTO DE EQUIPOS;656
11324510;TRAC.-M.O. REP. DE MAQUINARIAS;5.1.2.3.1.1.31;GTF_ REPARACION Y MANTENIMIENTO DE EQUIPOS;656
11324511;TRAC.-REP. Y MANT. DE IMPLEMENTOS;5.1.2.3.1.1.31;GTF_ REPARACION Y MANTENIMIENTO DE EQUIPOS;656
11324512;TRAC.-SEGUROS;5.1.2.3.1.1.33;GTF_ SEGUROS CONTRATADOS (BIENES);658
11324513;TRAC.-DEP. DE MAQUINARIAS;5.1.2.3.1.1.39;GTF_ DEPRECIACIONES DEL EJERCICIO;664
11324514;TRAC.-DEP. DE IMPLEMENTOS;5.1.2.3.1.1.39;GTF_ DEPRECIACIONES DEL EJERCICIO;664
11324515;TRAC.-DEP. DE CANALIZACIONES;5.1.2.3.1.1.39;GTF_ DEPRECIACIONES DEL EJERCICIO;664
11324516;TRAC.-OTROS GASTOS;5.1.2.3.1.1.44;GTF_ OTROS GASTOS FORESTALES;669
11324601;TEC.-SUELDOS Y JORNALES;5.1.2.3.1.1.1;GTF_ SUELDOS Y JORNALES;626
11324602;TEC.-BONIFICACION FAMILIAR;5.1.2.3.1.1.5;GTF_ BONIFICACION FAMILIAR;630
11324603;TEC.-VACACIONES PAG.;5.1.2.3.1.1.3;GTF_ VACACIONES PAGADAS;628
11324604;TEC.-AGUINALDOS;5.1.2.3.1.1.6;GTF_ AGUINALDOS;631
11324605;TEC.-INDEMN. Y PREAVISO;5.1.2.3.1.1.7;GTF_ INDEMNIZACION Y PREAVISO;632
11324606;TEC.-APORTE PATRONAL;5.1.2.3.1.1.4;GTF_ APORTE PATRONAL;629
11324607;TEC.-PREST. DE ALIMENTOS_VIATICOS;5.1.2.3.1.1.8;GTF_ PRESTACION DE ALIMENTOS;633
11324608;TEC.-HONORARIOS PROFESIONALES;5.1.2.3.1.1.12;GTF_ HONORARIOS PROFESIONALES;637
11324609;TEC.-PAPELERIA Y UTILES;5.1.2.3.1.1.20;GTF_ PAPELES Y UTILES DE OFICINA;645
11324610;TEC.-TELEFONOS Y TELEGRAMAS;5.1.2.3.1.1.21;GTF_ TELEFONIA / INTERNET;646
11324611;TEC.-REP. Y MANT. DE VEHICULOS;5.1.2.3.1.1.31;GTF_ REPARACION Y MANTENIMIENTO DE EQUIPOS;656
11324612;TEC.-COMBUST. Y LUBRICANTES;5.1.2.3.1.1.15;GTF_ COMBUSTIBLES Y LUBRICANTES;640
11324613;TEC.-SEGUROS;5.1.2.3.1.1.33;GTF_ SEGUROS CONTRATADOS (BIENES);658
11324614;TEC.-IMP., TASAS Y PAT.;5.1.2.3.1.1.38;GTF_ IMPUESTOS, TASAS Y PATENTES;663
11324615;TEC.-GRATIFICACIONES;5.1.2.3.1.1.10;GTF_ OTROS GASTOS A FAVOR DEL PERSONAL;635
11324616;TEC.-REP. Y MANT. DE INMUEBLES;5.1.2.3.1.1.32;GTF_ REPARACION Y MANTENIMIENTO DE INMUEBLES;657
11324617;TEC.-OTROS GASTOS;5.1.2.3.1.1.44;GTF_ OTROS GASTOS FORESTALES;669
11324618;TEC.-REP. Y MANT.DE EQUIPOS;5.1.2.3.1.1.31;GTF_ REPARACION Y MANTENIMIENTO DE EQUIPOS;656
11324619;TEC.-GASTOS FINANCIEROS;5.1.2.3.1.1.34;GTF_ GASTOS FINANCIEROS;659
11324620;TEC- DEPRECIACIONES VARIAS;5.1.2.3.1.1.39;GTF_ DEPRECIACIONES DEL EJERCICIO;664
11325;PROD. EN PROCESO REFORESTACION;;NO APLICA;#N/D
11325101;FORESTAL COLONIA-I;1.1.4.1.5.2.1;REFORESTACION / PRODUCTOS FORESTALES;191
11325102;FOR - LOS PINOS;1.1.4.1.5.2.1;REFORESTACION / PRODUCTOS FORESTALES;191
11325111;FOR - SOMBRILLA;1.1.4.1.5.2.1;REFORESTACION / PRODUCTOS FORESTALES;191
11325112;FOR - ARECO;1.1.4.1.5.2.1;REFORESTACION / PRODUCTOS FORESTALES;191
11325113;FOR - POTRERO7;1.1.4.1.5.2.1;REFORESTACION / PRODUCTOS FORESTALES;191
11325114;FOR - OVANDO;1.1.4.1.5.2.1;REFORESTACION / PRODUCTOS FORESTALES;191
11325115;FOR - NORTE;1.1.4.1.5.2.1;REFORESTACION / PRODUCTOS FORESTALES;191
11325116;FOR- NARANJO;1.1.4.1.5.2.1;REFORESTACION / PRODUCTOS FORESTALES;191
11325117;FOR - PO´I;1.1.4.1.5.2.1;REFORESTACION / PRODUCTOS FORESTALES;191
11325118;FOR - COMISARIA;1.1.4.1.5.2.1;REFORESTACION / PRODUCTOS FORESTALES;191
11325119;FOR - CAMERUN;1.1.4.1.5.2.1;REFORESTACION / PRODUCTOS FORESTALES;191
11325120;FOR - SO´O;1.1.4.1.5.2.1;REFORESTACION / PRODUCTOS FORESTALES;191
11325121;FOR - OVECHA;1.1.4.1.5.2.1;REFORESTACION / PRODUCTOS FORESTALES;191
11325122;FOR - LOMITA;1.1.4.1.5.2.1;REFORESTACION / PRODUCTOS FORESTALES;191
11325123;FOR - LOMA RUGUA;1.1.4.1.5.2.1;REFORESTACION / PRODUCTOS FORESTALES;191
11325124;FOR - AVIACION;1.1.4.1.5.2.1;REFORESTACION / PRODUCTOS FORESTALES;191
11325125;FOR - SUR;1.1.4.1.5.2.1;REFORESTACION / PRODUCTOS FORESTALES;191
11325126;FOR - CAPINARI;1.1.4.1.5.2.1;REFORESTACION / PRODUCTOS FORESTALES;191
11325127;FOR - LOMA PINDO;1.1.4.1.5.2.1;REFORESTACION / PRODUCTOS FORESTALES;191
11325128;FOR - ACHARD;1.1.4.1.5.2.1;REFORESTACION / PRODUCTOS FORESTALES;191
11325129;FOR - TUPASY PASO;1.1.4.1.5.2.1;REFORESTACION / PRODUCTOS FORESTALES;191
11325130;FOR - LAS DELICIAS;1.1.4.1.5.2.1;REFORESTACION / PRODUCTOS FORESTALES;191
11325131;FOR - ÑUAHU;1.1.4.1.5.2.1;REFORESTACION / PRODUCTOS FORESTALES;191
11325132;FOR-EXZELLER;1.1.4.1.5.2.1;REFORESTACION / PRODUCTOS FORESTALES;191
11325133;FOR - PIRAY;1.1.4.1.5.2.1;REFORESTACION / PRODUCTOS FORESTALES;191
11326;PROD.EN PROCESO GANADERIA;;NO APLICA;#N/D
11326001;DESARROLLO GENETICO;;NO APLICA;#N/D
11330;MATERIA PRIMA E INSUMOS;;NO APLICA;#N/D
11330101;RF-CAOLIN;1.1.4.1.3.2.1;CAOLIN;154
11330102;AZ-ENVASES;1.1.4.1.3.1.2;ENVASES;152
11330103;AR-ENVASES;1.1.4.1.3.1.2;ENVASES;152
11330201;GA-ALIMENTOS;1.1.4.1.4.3.1;GA_ ALIMENTOS;167
11330202;GA-SANITACION;1.1.4.1.4.3.2;GA_ SANITACION;168
11330203;GA-INSEMINACION;1.1.4.1.4.3.3;GA_ INSEMINACION;169
11330204;GA-FORRAJES;1.1.4.1.4.3.1;GA_ ALIMENTOS;167
11330205;GA-SEMILLAS DE PASTO;1.1.4.1.4.3.5;GA_ INSUMOS VARIOS;171
11330206;GA-COMBUSTIBLES;1.1.4.1.4.3.4;GA_ COMBUSTIBLES;170
11330301;AGR-SEMILLA DE CAÑA;1.1.4.1.4.2.7;FOR_ PLANTINES Y SEMILLAS;164
11330302;AGR-CAL;1.1.4.1.4.2.1;FOR_CAL;158
11330303;AGR-ABONO;1.1.4.1.4.2.2;FOR_ABONO;159
11330304;AGR-COMBUSTIBLE;1.1.4.1.4.2.3;FOR_COMBUSTIBLE;160
11330305;AGR-FERTILIZANTE;1.1.4.1.4.2.4;FOR_FERTILIZANTE;161
11330306;AGR-HERBICIDA;1.1.4.1.4.2.5;FOR_HERBICIDA;162
11330307;AGR-REPUESTOS;1.1.4.1.4.2.8;FOR_ INSUMOS VARIOS;165
11330308;AGR-LUBRICANTES;1.1.4.1.4.2.8;FOR_ INSUMOS VARIOS;165
11330309;AGR-FILTROS;1.1.4.1.4.2.8;FOR_ INSUMOS VARIOS;165
11330310;AGR-UNIFORMES;1.1.4.1.4.2.8;FOR_ INSUMOS VARIOS;165
11330311;AGR-INSECTICIDAS;1.1.4.1.4.2.6;FOR_ INSECTICIDA;163
11330312;AGR-SEMILLA EUCALIPTUS;1.1.4.1.4.2.7;FOR_ PLANTINES Y SEMILLAS;164
12;ACTIVO NO CORRIENTE;;NO APLICA;#N/D
121;INVERSIONES;;NO APLICA;#N/D
12110;INVERSIONES-ACCIONES;;NO APLICA;#N/D
12110001;IV-LA PARAGUAYA S.A. DE SEGUROS;1.2.2.1.1.1.5;LA PARAGUAYA S.A.;221
12110002;IV-AZUCARERA PARAGUAYA S.A.;1.2.2.1.1.1.2;AZUCARERA PARAGUAYA S.A.;218
12110003;IV-CHISPA S.A.;1.2.2.1.1.1.1;CHISPA S.A.;217
12110004;IV-ARCORPAR S.A.;1.2.2.1.1.1.3;ARCORPAR S.A.;219
12110005;IV-TITULOS DE FONDOS DE SOCORRO;1.2.2.1.1.1.6;ACCIONES PROPIAS SARIC;676
12110006;IV-TITULOS VARIOS;1.2.2.1.1.1.4;SUDAMERIS S.A;220
12120;INVERSIONES-VPP;;NO APLICA;#N/D
12120001;IV-LA PARAGUAYA S.A. DE SEGUROS VPP;1.2.2.1.1.2.1;VPP_ CHISPA S.A.;223
12120002;IV-AZUCARERA PARAGUAYA S.A. VPP;1.2.2.1.1.2.2;VPP_ AZUCARERA PARAGUAYA S.A.;224
12120003;IV-CHISPA S.A. VPP;1.2.2.1.1.2.1;VPP_ CHISPA S.A.;223
12120004;IV-ARCORPAR S.A. VPP;1.2.2.1.1.2.3;VPP_ ARCORPAR S.A.;225
12120005;IV-TITULOS DE FONDOS DE SOCORRO VPP;1.2.2.1.1.2.6;VPP_ ACCIONES PROPIAS;677
12120006;IV-TITULOS VARIOS VPP;1.2.2.1.1.2.4;VPP_ SUDAMERIS S.A.;226
122;BIENES DE USO;;NO APLICA;#N/D
12201;TERRENOS / INMUEBLES;;NO APLICA;#N/D
12201001;TE-AVDA. ARTIGAS 552;1.2.3.1.1.1.1;INMUEBLES URBANOS;232
12201002;TE-AVDA. ARTIGAS Y GRAL. SANTOS;1.2.3.1.1.1.1;INMUEBLES URBANOS;232
12201003;TE-LIMPIO;1.2.3.1.1.1.2;INMUEBLES RURALES;233
12201004;TE-ESTANCIA COLONIA-I;1.2.3.1.1.1.2;INMUEBLES RURALES;233
12201005;TE-ESTANCIA LOS PINOS;1.2.3.1.1.1.2;INMUEBLES RURALES;233
12201006;TE-ESTANCIA EX-ZELLER;1.2.3.1.1.1.2;INMUEBLES RURALES;233
12201007;TE-MANUEL PEREZ 653 C/ MISIONES;1.2.3.1.1.1.1;INMUEBLES URBANOS;232
12201008;TE-10 DE AGOSTO Y PEDRO RISSO;1.2.3.1.1.1.1;INMUEBLES URBANOS;232
12201009;TE - ARTIGAS Y SAN JOSE;1.2.3.1.1.1.1;INMUEBLES URBANOS;232
12201010;TERRENOS URBANOS;1.2.3.1.1.1.1;INMUEBLES URBANOS;232
12201011;TERRENOS RURALES;1.2.3.1.1.1.2;INMUEBLES RURALES;233
12202;OBRAS EN CURSO;;NO APLICA;#N/D
12202001;OC-SAN LORENZO;1.2.3.7.1.1.1;OC_ SAN LORENZO;276
12202002;OC-HOTEL;1.2.3.7.1.1.2;OC_ HOTEL;277
12202003;OC-ESTANCIA LOS PINOS;1.2.3.7.1.1.3;OC_ ESTANCIA LOS PINOS;278
12202004;OC-EST. COLONIA-I GALPON POLLOS PARRILLEROS;;NO APLICA;#N/D
12202005;OC-ESTANCIA COLONIA;1.2.3.7.1.1.4;OC_ ESTANCIA COLONIA I;279
12202006;OC-ESTACION PETROBRAS;;NO APLICA;#N/D
12202007;OC-ASUNCION;1.2.3.7.1.1.5;OC_ ASUNCION;280
12203;MUEBLES Y EQUIPOS;;NO APLICA;#N/D
12203001;MQ-SAN LORENZO;1.2.3.2.1.1.1;MUEBLES Y EQUIPOS EN GENERAL;237
12203002;MQ-ABASTO;1.2.3.2.1.1.1;MUEBLES Y EQUIPOS EN GENERAL;237
12203003;MQ-ESTACION EESS;1.2.3.2.1.1.1;MUEBLES Y EQUIPOS EN GENERAL;237
12203004;MQ-HOTEL COL.;1.2.3.2.1.1.1;MUEBLES Y EQUIPOS EN GENERAL;237
12203005;MQ-ESTANCIA COLONIA-I;1.2.3.2.1.1.1;MUEBLES Y EQUIPOS EN GENERAL;237
12203006;MQ-ESTANCIA LOS PINOS;1.2.3.2.1.1.1;MUEBLES Y EQUIPOS EN GENERAL;237
12203007;MQ-REFRACTARIOS;1.2.3.2.1.1.1;MUEBLES Y EQUIPOS EN GENERAL;237
12203008;MQ-EES PETROBRAS;1.2.3.2.1.1.1;MUEBLES Y EQUIPOS EN GENERAL;237
12203010;MQ-SAN IGNACIO;1.2.3.2.1.1.1;MUEBLES Y EQUIPOS EN GENERAL;237
12203011;MQ- ENCARNACION;1.2.3.2.1.1.1;MUEBLES Y EQUIPOS EN GENERAL;237
12203012;MQ-CNEL. OVIEDO;1.2.3.2.1.1.1;MUEBLES Y EQUIPOS EN GENERAL;237
12204;UTILES Y ENSERES;;NO APLICA;#N/D
12204001;UE-SAN LORENZO;1.2.3.2.1.1.4;UTILES Y ENSERES EN GENERAL;240
12204002;UE-ABASTO;1.2.3.2.1.1.4;UTILES Y ENSERES EN GENERAL;240
12204003;UE-ESTACION EESS;1.2.3.2.1.1.4;UTILES Y ENSERES EN GENERAL;240
12204004;UE-HOTEL COLONIA;1.2.3.2.1.1.4;UTILES Y ENSERES EN GENERAL;240
12204005;UE-ESTANCIA COLONIA;1.2.3.2.1.1.4;UTILES Y ENSERES EN GENERAL;240
12204006;UE-ESTANCIA LOS PINOS;1.2.3.2.1.1.4;UTILES Y ENSERES EN GENERAL;240
12204007;UE-AGRICOLA;1.2.3.2.1.1.4;UTILES Y ENSERES EN GENERAL;240
12204008;UE-EESS PETROBRAS;1.2.3.2.1.1.4;UTILES Y ENSERES EN GENERAL;240
12204010;UE-SAN IGNACIO;1.2.3.2.1.1.4;UTILES Y ENSERES EN GENERAL;240
12204012;UE-CNEL. OVIEDO;1.2.3.2.1.1.4;UTILES Y ENSERES EN GENERAL;240
12205;EQUIP. INFORM. Y COMUNIC.;;NO APLICA;#N/D
12205001;IC-SAN LORENZO;1.2.3.3.1.1.3;EQUIPOS DE INFORMATICA;246
12205002;IC-ABASTO;1.2.3.3.1.1.3;EQUIPOS DE INFORMATICA;246
12205003;IC-ESTACION EESS;1.2.3.3.1.1.3;EQUIPOS DE INFORMATICA;246
12205004;IC-HOTEL COL.;1.2.3.3.1.1.3;EQUIPOS DE INFORMATICA;246
12205005;IC-ESTANCIA COLONIA-I;1.2.3.3.1.1.3;EQUIPOS DE INFORMATICA;246
12205006;IC-ESTANCIA LOS PINOS;1.2.3.3.1.1.3;EQUIPOS DE INFORMATICA;246
12205007;IC-ADM. TEBICUARY;1.2.3.3.1.1.3;EQUIPOS DE INFORMATICA;246
12205008;IC-AGRICOLA;1.2.3.3.1.1.3;EQUIPOS DE INFORMATICA;246
12205009;IC-EESS PETROBRAS;1.2.3.3.1.1.3;EQUIPOS DE INFORMATICA;246
12205010;IC-SAN IGNACIO;1.2.3.3.1.1.3;EQUIPOS DE INFORMATICA;246
12205011;IC-ENCARNACION;1.2.3.3.1.1.3;EQUIPOS DE INFORMATICA;246
12205012;IC-CNEL. OVIEDO;1.2.3.3.1.1.3;EQUIPOS DE INFORMATICA;246
12206;AUTOMOTORES Y MAQUINARIAS;;NO APLICA;#N/D
12206001;AM-RODADOS;1.2.3.4.1.1.1;VEHICULOS AUTOMOTORES;250
12206002;AM-TRACTORES;1.2.3.3.1.1.1;MAQUINARIAS E IMPLEMENTOS;244
12206003;AM-IMPLEMENTOS;1.2.3.3.1.1.1;MAQUINARIAS E IMPLEMENTOS;244
12206004;AM-HERRAMIENTAS;1.2.3.3.1.1.2;HERRAMIENTAS Y EQUIPOS;245
12206005;AM-ACCESORIOS;1.2.3.3.1.1.2;HERRAMIENTAS Y EQUIPOS;245
12207;CONSTRUCCIONES;;NO APLICA;#N/D
12207001;CO-SAN LORENZO;1.2.3.5.1.1.1;CONSTRUCCIONES Y MEJORAS DE INMUEBLES;257
12207002;CO-ABASTO;1.2.3.5.1.1.1;CONSTRUCCIONES Y MEJORAS DE INMUEBLES;257
12207003;CO-ESTACION EESS;1.2.3.5.1.1.1;CONSTRUCCIONES Y MEJORAS DE INMUEBLES;257
12207004;CO-HOTEL COL.;1.2.3.5.1.1.1;CONSTRUCCIONES Y MEJORAS DE INMUEBLES;257
12207005;CO-ESTANCIA COLONIA-I;1.2.3.5.1.1.1;CONSTRUCCIONES Y MEJORAS DE INMUEBLES;257
12207006;CO-ESTANCIA LOS PINOS;1.2.3.5.1.1.1;CONSTRUCCIONES Y MEJORAS DE INMUEBLES;257
12207007;CO-ASUNCION;1.2.3.5.1.1.1;CONSTRUCCIONES Y MEJORAS DE INMUEBLES;257
12207008;CO-LIMPIO;1.2.3.5.1.1.1;CONSTRUCCIONES Y MEJORAS DE INMUEBLES;257
12207009;CO-EESS PETROBRAS;1.2.3.5.1.1.1;CONSTRUCCIONES Y MEJORAS DE INMUEBLES;257
12208;MEJORAS COLONIA-I;;NO APLICA;#N/D
12208001;MCO-ALAMBRADOS CONVENCIONALES;1.2.3.5.1.1.5;ALAMBRADOS, TRANQUERAS Y CORRALES;261
12208002;MCO-ALAMBRADOS ELECTRICOS;1.2.3.5.1.1.5;ALAMBRADOS, TRANQUERAS Y CORRALES;261
12208003;MCO-TAJAMARES Y TANQUES;1.2.3.5.1.1.3;TANQUES DE AGUA, BEBEDEROS Y SIMILARES;259
12208004;MCO-BATEAS Y BEBEDEROS;1.2.3.5.1.1.3;TANQUES DE AGUA, BEBEDEROS Y SIMILARES;259
12208005;MCO-SIST. AGUA CORRIENTE;1.2.3.5.1.1.3;TANQUES DE AGUA, BEBEDEROS Y SIMILARES;259
12208006;MCO-CORRAL, BRETE Y CEPO;1.2.3.5.1.1.5;ALAMBRADOS, TRANQUERAS Y CORRALES;261
12208007;MCO-PASTURAS;1.2.3.6.1.1.1;PASTURAS IMPLANTADAS;271
12208008;MCO-IMPLANTACION DE PASTURAS;1.2.3.6.1.1.1;PASTURAS IMPLANTADAS;271
12208009;MCO-REJUVENECIMIENTO DE PASTURAS;1.2.3.6.1.1.1;PASTURAS IMPLANTADAS;271
12208010;MCO-CONTROL DE TACURU;1.2.3.6.1.1.1;PASTURAS IMPLANTADAS;271
12208011;MCO-VIVIENDAS Y GALPONES;1.2.3.5.1.1.2;SILOS, ALMACENES Y GALPONES;258
12208012;MCO-INSTALACIONES;1.2.3.5.1.1.10;INSTALACIONES ELECTRICAS;266
12208013;MCO-CAMINOS Y PUENTES;1.2.3.5.1.1.9;CAMINOS INTERNOS;265
12208014;MCO-CANALIZACION REFORESTACION;1.2.3.5.1.1.4;CANALES DE REGADIO, TAJAMARES Y POZOS;260
12208015;MCO-CANAL. LOMAS;1.2.3.5.1.1.4;CANALES DE REGADIO, TAJAMARES Y POZOS;260
12208016;MCO-CANAL. MALVINAS;1.2.3.5.1.1.4;CANALES DE REGADIO, TAJAMARES Y POZOS;260
12208017;MCO-CANAL. OVANDO;1.2.3.5.1.1.4;CANALES DE REGADIO, TAJAMARES Y POZOS;260
12208018;MCO-CANAL. ARECO;1.2.3.5.1.1.4;CANALES DE REGADIO, TAJAMARES Y POZOS;260
12208019;MCO-CANAL. ACHAR;1.2.3.5.1.1.4;CANALES DE REGADIO, TAJAMARES Y POZOS;260
12208020;MCO- CANAL NARANJO;1.2.3.5.1.1.4;CANALES DE REGADIO, TAJAMARES Y POZOS;260
12209;MEJORAS LOS PINOS;;NO APLICA;#N/D
12209001;MLP-ALAMBRADOS CONVENCIONALES;1.2.3.5.1.1.5;ALAMBRADOS, TRANQUERAS Y CORRALES;261
12209002;MLP-ALAMBRADOS ELECTRICOS;1.2.3.5.1.1.5;ALAMBRADOS, TRANQUERAS Y CORRALES;261
12209003;MLP-TAJAMARES Y TANQUES;1.2.3.5.1.1.3;TANQUES DE AGUA, BEBEDEROS Y SIMILARES;259
12209004;MLP-BATEAS Y BEBEDEROS;1.2.3.5.1.1.3;TANQUES DE AGUA, BEBEDEROS Y SIMILARES;259
12209005;MLP-SIST. AGUA CORRIENTE;1.2.3.5.1.1.3;TANQUES DE AGUA, BEBEDEROS Y SIMILARES;259
12209006;MLP-CORRAL, BRETE Y CEPO;1.2.3.5.1.1.5;ALAMBRADOS, TRANQUERAS Y CORRALES;261
12209007;MLP-PASTURAS;1.2.3.6.1.1.1;PASTURAS IMPLANTADAS;271
12209008;MLP-IMPLANTACION DE PASTURAS;1.2.3.6.1.1.1;PASTURAS IMPLANTADAS;271
12209009;MLP-REJUVENECIMIENTO DE PASTURAS;1.2.3.6.1.1.1;PASTURAS IMPLANTADAS;271
12209010;MLP-CONTROL DE TACURU;1.2.3.6.1.1.1;PASTURAS IMPLANTADAS;271
12209011;MLP-VIVIENDAS Y GALPONES;1.2.3.5.1.1.2;SILOS, ALMACENES Y GALPONES;258
12209012;MLP-INSTALACIONES;1.2.3.5.1.1.10;INSTALACIONES ELECTRICAS;266
12209013;MLP-CAMINOS Y PUENTES;1.2.3.5.1.1.9;CAMINOS INTERNOS;265
12209014;MLP-CANALIZACION REFORESTACION;1.2.3.5.1.1.4;CANALES DE REGADIO, TAJAMARES Y POZOS;260
1221;BIENES DEL ACTIVO FIJO;;NO APLICA;#N/D
12210;MEJORAS VARIAS;;NO APLICA;#N/D
12210001;MV-SAN LORENZO;1.2.3.5.1.1.1;CONSTRUCCIONES Y MEJORAS DE INMUEBLES;257
12210002;MV-ABASTO;1.2.3.5.1.1.1;CONSTRUCCIONES Y MEJORAS DE INMUEBLES;257
12210003;MV-ESTACION EESS;1.2.3.5.1.1.1;CONSTRUCCIONES Y MEJORAS DE INMUEBLES;257
12210004;MV-HOTEL COL.;1.2.3.5.1.1.1;CONSTRUCCIONES Y MEJORAS DE INMUEBLES;257
12210005;MV-ASUNCION;1.2.3.5.1.1.1;CONSTRUCCIONES Y MEJORAS DE INMUEBLES;257
12210006;MV-LIMPIO;1.2.3.5.1.1.1;CONSTRUCCIONES Y MEJORAS DE INMUEBLES;257
12210007;MV-REFRACTARIOS;1.2.3.5.1.1.1;CONSTRUCCIONES Y MEJORAS DE INMUEBLES;257
12211;EQUIPOS EN COMODATO;;NO APLICA;#N/D
12211001;COM- EESS;;NO APLICA;#N/D
12212;BIENES MUEBLES, UTILES Y ENSERES;;NO APLICA;#N/D
12212001;MUEBLES Y EQUIPOS EN GENERAL;1.2.3.2.1.1.1;MUEBLES Y EQUIPOS EN GENERAL;237
12212002;MUEBLES Y ENSERES EN VIVIENDA PARA EL PERSONAL;1.2.3.2.1.1.2;MUEBLES Y ENSERES EN VIVIENDA PARA EL PERSONAL;238
12212003;UTILES DE TRABAJO RURAL PARA EL PERSONAL;1.2.3.2.1.1.3;UTILES DE TRABAJO RURAL PARA EL PERSONAL;239
12212004;UTILES Y ENSERES EN GENERAL;1.2.3.2.1.1.4;UTILES Y ENSERES EN GENERAL;240
12213;MAQUINARIAS, HERRAMIENTAS Y EUIPOS;;NO APLICA;#N/D
12213001;MAQUINARIAS E IMPLEMENTOS;1.2.3.3.1.1.1;MAQUINARIAS E IMPLEMENTOS;244
12213002;HERRAMIENTAS Y EQUIPOS;1.2.3.3.1.1.2;HERRAMIENTAS Y EQUIPOS;245
12213003;EQUIPOS DE INFORMATICA;1.2.3.3.1.1.3;EQUIPOS DE INFORMATICA;246
12214;TRANSPORTES TERRESTRES;;NO APLICA;#N/D
12214001;VEHICULOS AUTOMOTORES;1.2.3.4.1.1.1;VEHICULOS AUTOMOTORES;250
12214002;MOTOCICLETAS;1.2.3.4.1.1.2;MOTOCICLETAS;251
12214003;VEHICULOS UTILITARIOS;1.2.3.4.1.1.3;VEHICULOS UTILITARIOS;252
12214004;RESTANTES BIENES (TRANSPORTES);1.2.3.4.1.1.4;RESTANTES BIENES (VEHICULOS);253
12215;CONSTRUCCIONES;;NO APLICA;#N/D
12215001;CONSTRUCCIONES Y MEJORAS DE INMUEBLES;1.2.3.5.1.1.1;CONSTRUCCIONES Y MEJORAS DE INMUEBLES;257
12215002;SILOS, ALMACENES Y GALPONES;1.2.3.5.1.1.2;SILOS, ALMACENES Y GALPONES;258
12215003;TANQUES DE AGUA, BEBEDEROS Y SIMILARES;1.2.3.5.1.1.3;TANQUES DE AGUA, BEBEDEROS Y SIMILARES;259
12215004;CANALES DE REGADIO, TAJAMARES Y POZOS.;1.2.3.5.1.1.4;CANALES DE REGADIO, TAJAMARES Y POZOS;260
12215005;ALAMBRADOS TRANQUERAS Y CORRALES;1.2.3.5.1.1.5;ALAMBRADOS, TRANQUERAS Y CORRALES;261
12215006;CONSTRUCCIONES EN PROPIEDAD DE TERCEROS;1.2.3.5.1.1.6;CONSTRUCCIONES EN PROPIEDAD DE TERCEROS;262
12215007;MEJORAS EN PROPIEDAD DE TERCEROS;1.2.3.5.1.1.7;MEJORAS EN PROPIEDAD DE TERCEROS;263
12215008;INSTALACIONES DE ELECTRIFICACION;1.2.3.5.1.1.8;INSTALACIONES DE ELECTRIFICACIONES;264
12215009;CAMINOS INTERNOS;1.2.3.5.1.1.9;CAMINOS INTERNOS;265
12215010;INSTALACIONES ELECTRICAS / INCORPORADOS;1.2.3.5.1.1.10;INSTALACIONES ELECTRICAS;266
12215011;RESTANTES BIENES (CONSTRUCCIONES);1.2.3.5.1.1.11;RESTANTES BIENES (CONSTRUCCIONES Y MEJORAS);267
1222;ACTIVOS BIOLOGICOS;;NO APLICA;#N/D
12220;PLANTACIONES;;NO APLICA;#N/D
12220001;PASTURAS IMPLANTADAS;1.2.3.6.1.1.1;PASTURAS IMPLANTADAS;271
12250;DEPRECIACION ACUMULADA;;NO APLICA;#N/D
12250001;DA-MUEBLES Y EQUIPOS;;NO APLICA;#N/D
12250002;DA-UTILES Y ENSERES;;NO APLICA;#N/D
12250003;DA-EQUIP. INFORM. Y COMUNIC.;;NO APLICA;#N/D
12250004;DA-AUTOMOTORES Y MAQUINARIAS;;NO APLICA;#N/D
12250005;DA-CONSTRUCCIONES;;NO APLICA;#N/D
12250006;DA-MEJORAS COLONIA-I;;NO APLICA;#N/D
12250007;DA-MEJORAS LOS PINOS;;NO APLICA;#N/D
12250008;DA-MEJORAS VARIAS;;NO APLICA;#N/D
12250009;DA-BIENES MUEBLES, UTILES Y ENSERES;1.2.3.8.1.1.1;DA_ BIENES MUEBLES, UTILES Y ENSERES;284
12250010;DA-MAQUINARIAS. HERRAMIENTAS Y EQUIPOS;1.2.3.8.1.1.2;DA_ MAQUINARIAS, HERRAMIENTAS Y EQUIPOS;285
12250011;DA-TRANSPORTES TERRESTRES;1.2.3.8.1.1.3;DA_ TRANSPORTES TERRESTRES;286
12250012;DA-CONSTRUCCIONES 01;1.2.3.8.1.1.4;DA_ CONSTRUCCIONES;287
12250013;DA-PLANTACIONES;1.2.3.8.1.1.5;DA_ PLANTACIONES;678
12260;REPRODUCTORES GANADERIA;;NO APLICA;#N/D
12260001;BU-VACAS;;NO APLICA;#N/D
12260002;BU-TOROS;;NO APLICA;#N/D
123;CARGOS DIFERIDOS;;NO APLICA;#N/D
12310;CARGOS DIFERIDOS;;NO APLICA;#N/D
12310001;CD-SEGUROS A VENCER;1.1.5.1.1.1.2;SEGUROS A VENCER;200
12310002;CD-CARGOS DIFERIDOS VARIOS;1.1.5.1.1.1.3;CARGOS DIFERIDOS VARIOS;201
12310003;CD-CARGOS DIFERIDOS-REGISTRO DE MARCAS;1.1.5.1.1.1.4;OTROS CARGOS DIFERIDOS;679
12310004;CD-ALQUILERES PAGADOS POR ADELANTADO;1.1.5.1.1.1.4;OTROS CARGOS DIFERIDOS;679
12310005;CD-GASTOS PAGADOS POR ADELANTADO;1.1.5.1.1.1.4;OTROS CARGOS DIFERIDOS;679
12310006;CD - GASTOS DE ORGANIZACION;1.1.5.1.1.1.4;OTROS CARGOS DIFERIDOS;679
12310099;AMORTIZACIONES ACUMULADAS;1.2.4.1.1.1.4;AMORTIZACION ACUMULADA INTANGIBLES;295
124;ACTIVOS INTANGIBLES;;NO APLICA;#N/D
12410;INTANGIBLES;;NO APLICA;#N/D
12410001;AI- GASTOS DE REORGANIZACION;1.2.4.1.1.1.1;AI_ GASTOS DE REORGANIZACION;292
12410002;AI - MATERIAL AUDIOVISUAL;1.2.4.1.1.1.2;AI_ MATERIAL AUDIOVISUAL;293
12410003;AI- SOFWARE WEB (SISTEMAS/LICENCIAS);1.2.4.1.1.1.3;AI_ SOFTWARE WEB (SISTEMAS/LICENCIAS);294
12410099;AMORTIZACION ACUMULADA INTANGIBLES;1.2.4.1.1.1.4;AMORTIZACION ACUMULADA INTANGIBLES;295
2;PASIVO;;NO APLICA;#N/D
21;PASIVO CORRIENTE;;NO APLICA;#N/D
211;PROVEEDORES;;NO APLICA;#N/D
21110;PROVEEDORES LOCALES;;NO APLICA;#N/D
21110001;PM-AZUCARERA PARAGUAYA S.A.;2.1.1.1.1.1.1;PM_ AZUCARERA PARAGUAYA S.A.;305
21110002;PM-AZUCARERA FRIEDMANN S.A.;2.1.1.1.1.1.2;PM_ DISTRIBUCION VARIOS;306
21110003;PM-AZUCARERA GUARAMBARE S.A.;2.1.1.1.1.1.2;PM_ DISTRIBUCION VARIOS;306
21110004;PM-WENDELL TRADING INC.;2.1.1.1.1.1.2;PM_ DISTRIBUCION VARIOS;306
21110005;PM-AGRIPLUS S.A.;2.1.1.1.1.1.2;PM_ DISTRIBUCION VARIOS;306
21110006;PM-DISTRIBUCION VARIOS;2.1.1.1.1.1.2;PM_ DISTRIBUCION VARIOS;306
21110007;PM-FRUTIKA S.R.L.;2.1.1.1.1.1.2;PM_ DISTRIBUCION VARIOS;306
21110008;PM - ALBISOL S.R.L.;2.1.1.1.1.1.2;PM_ DISTRIBUCION VARIOS;306
21110009;PM- ACSA;2.1.1.1.1.1.2;PM_ DISTRIBUCION VARIOS;306
21110010;PM- LABORATORIO TECNO INDUSTRIAL;2.1.1.1.1.1.2;PM_ DISTRIBUCION VARIOS;306
21120;PROVEEDORES DEL EXTERIOR;;NO APLICA;#N/D
21120001;PM-MANFREY;2.1.1.2.1.1.1;PM_ MANFREY;310
21120002;PM-RPB;2.1.1.2.1.1.2;PM_ RPB S.A.;311
21120003;PM-TANONI HNOS.;2.1.1.2.1.1.4;PM_ PROVEEDORES DEL EXTERIOR VARIOS;313
21120004;PM-PETROPACK;2.1.1.2.1.1.4;PM_ PROVEEDORES DEL EXTERIOR VARIOS;313
21120005;PM- P.PAVLIDES S.A.;2.1.1.2.1.1.4;PM_ PROVEEDORES DEL EXTERIOR VARIOS;313
21120010;PM - APOYO PROMOCIONAL;2.1.1.2.1.1.3;PM_ APOYO PROMOCIONAL MKT;312
21120099;PM- PROVEEDORES DEL EXTERIOR VARIOS.;2.1.1.2.1.1.4;PM_ PROVEEDORES DEL EXTERIOR VARIOS;313
21130;PROVEEDORES EST. DE SERVICIOS;;NO APLICA;#N/D
21130001;PM-HERRERO EMPRENDIMIENTOS S.A.;2.1.1.1.1.1.2;PM_ DISTRIBUCION VARIOS;306
21130002;PM-AUTOPIEZAS C.E.I.S.A.;2.1.1.1.1.1.2;PM_ DISTRIBUCION VARIOS;306
21130003;PM-DIAL S.A.C.;2.1.1.1.1.1.2;PM_ DISTRIBUCION VARIOS;306
21130004;PM-ACARAY GAS S.R.L.;2.1.1.1.1.1.2;PM_ DISTRIBUCION VARIOS;306
21130005;PM-DISTRIBUIDORA VILLALBA;2.1.1.1.1.1.2;PM_ DISTRIBUCION VARIOS;306
21130006;PM-EDIPSA S.R.L.;2.1.1.1.1.1.2;PM_ DISTRIBUCION VARIOS;306
21130007;PM-NESTLE PARAGUAY S.A.;2.1.1.1.1.1.2;PM_ DISTRIBUCION VARIOS;306
21130008;PM-COMERCIAL BABY S.R.L.;2.1.1.1.1.1.2;PM_ DISTRIBUCION VARIOS;306
21130009;PM-NOVEX S.A.;2.1.1.1.1.1.2;PM_ DISTRIBUCION VARIOS;306
21130010;PM-PETROBRAS PARAGUAY DIST.;2.1.1.1.1.1.2;PM_ DISTRIBUCION VARIOS;306
21130099;PM-ESTACION DE SERVICIOS VARIOS;2.1.1.1.1.1.2;PM_ DISTRIBUCION VARIOS;306
21140;PROVEEDORES AGRICOLA;;NO APLICA;#N/D
21140001;PM-AGRO-AZUCARERA PARAGUAYA S.A.;2.1.1.1.1.1.1;PM_ AZUCARERA PARAGUAYA S.A.;305
21140002;PM-AGRO-PROVISION M.O.;2.1.1.1.1.1.2;PM_ DISTRIBUCION VARIOS;306
21140003;PM-AGRO-PROVISION GTOS. DE COSECHA;2.1.1.1.1.1.2;PM_ DISTRIBUCION VARIOS;306
21140004;PM-AGRO-MONTE VERDE;2.1.1.1.1.1.2;PM_ DISTRIBUCION VARIOS;306
21140005;PM-AGRO-MARTINAX S.A.;2.1.1.1.1.1.2;PM_ DISTRIBUCION VARIOS;306
21140006;PM-AGRO-AMERICA SUR TRANSPORTE;2.1.1.1.1.1.2;PM_ DISTRIBUCION VARIOS;306
21140007;PM-AGRO-CORRECAMINOS DE TRANSPORTE S.A.;2.1.1.1.1.1.2;PM_ DISTRIBUCION VARIOS;306
21140099;PM-AGRO-VARIOS;2.1.1.1.1.1.2;PM_ DISTRIBUCION VARIOS;306
21150;PROVEEDORES GANADERIA;;NO APLICA;#N/D
21150001;PM-GA-PROVISION GTOS. DE FORRAJE;;NO APLICA;#N/D
212;ACREEDORES VARIOS;;NO APLICA;#N/D
21210;ACREEDORES DISTRIBUCION;;NO APLICA;#N/D
21210001;AV-COPACO S.A.;2.1.2.1.1.1.1;AV_ SERVICIOS BASICOS;318
21210002;AV-ANDE;2.1.2.1.1.1.1;AV_ SERVICIOS BASICOS;318
21210003;AV-ESSAP;2.1.2.1.1.1.1;AV_ SERVICIOS BASICOS;318
21210004;AV-TELEFONIA CELULAR DEL PY.;2.1.2.1.1.1.1;AV_ SERVICIOS BASICOS;318
21210005;AV-NUCLEO;2.1.2.1.1.1.1;AV_ SERVICIOS BASICOS;318
21210006;AV-HONORARIOS A PAGAR;2.1.2.1.1.1.6;AV_ HONORARIOS A PAGAR;323
21210007;AV-MARCOS MORALES;2.1.2.1.1.1.4;AV_ DESPACHANTES DE ADUANA VARIOS;321
21210008;AV-JAVIER MARICEVICH;2.1.2.1.1.1.4;AV_ DESPACHANTES DE ADUANA VARIOS;321
21210009;AV-OYM SYSTEM GROUP S.A.;2.1.2.1.1.1.5;AV_ OTROS ACREEDORES VARIOS;322
21210010;AV-TECHNO AMERICAN;2.1.2.1.1.1.5;AV_ OTROS ACREEDORES VARIOS;322
21210011;AV-SIC SERVICE S.R.L.;2.1.2.1.1.1.5;AV_ OTROS ACREEDORES VARIOS;322
21210012;AV-PEDRO DOMINGUEZ ENCISO;2.1.2.1.1.1.5;AV_ OTROS ACREEDORES VARIOS;322
21210013;AV-AMERICA SUR TRANSPORTE S.A.;2.1.2.1.1.1.5;AV_ OTROS ACREEDORES VARIOS;322
21210014;AV-PLASTIFLEX;2.1.2.1.1.1.5;AV_ OTROS ACREEDORES VARIOS;322
21210015;AV-ISIDORO PAREDES GONZALEZ;2.1.2.1.1.1.5;AV_ OTROS ACREEDORES VARIOS;322
21210016;AV- EQUIFAX PARAGUAY S.A.;2.1.2.1.1.1.5;AV_ OTROS ACREEDORES VARIOS;322
21210017;AV-DISTRIBUIDORA EL ARTE;2.1.2.1.1.1.5;AV_ OTROS ACREEDORES VARIOS;322
21210018;AV-LA PARAGUAYA S.A. DE SEGUROS;2.1.2.1.1.1.5;AV_ OTROS ACREEDORES VARIOS;322
21210019;AV-DYNAMUS;2.1.2.1.1.1.5;AV_ OTROS ACREEDORES VARIOS;322
21210020;AV-GA INGENIERIA S.R.L.;2.1.2.1.1.1.5;AV_ OTROS ACREEDORES VARIOS;322
21210021;AV-JOSE LUIS COSCIA CUETO;2.1.2.1.1.1.6;AV_ HONORARIOS A PAGAR;323
21210022;AV-PUNTO CREATIVO;2.1.2.1.1.1.5;AV_ OTROS ACREEDORES VARIOS;322
21210023;AV-OCIT;2.1.2.1.1.1.5;AV_ OTROS ACREEDORES VARIOS;322
21210024;AV-SO ON S.A.;2.1.2.1.1.1.5;AV_ OTROS ACREEDORES VARIOS;322
21210025;AV-FLETES VARIOS A PAGAR;2.1.2.1.1.1.5;AV_ OTROS ACREEDORES VARIOS;322
21210026;AV-ANTICIPO DE CLIENTES;2.1.3.4.1.1.3;ANTICIPO DE CLIENTES;364
21210027;AV-GTOS. PENDIENTES DE REPOSICION;2.1.2.1.1.1.5;AV_ OTROS ACREEDORES VARIOS;322
21210028;AV-AZUCARERA PARAGUAYA S.A.;2.1.2.1.1.1.5;AV_ OTROS ACREEDORES VARIOS;322
21210029;AV-DERLYS RAMIREZ;2.1.2.1.1.1.5;AV_ OTROS ACREEDORES VARIOS;322
21210030;AV-ASTRA INGENIERIA;2.1.2.1.1.1.5;AV_ OTROS ACREEDORES VARIOS;322
21210031;AV-MELIPO;2.1.2.1.1.1.5;AV_ OTROS ACREEDORES VARIOS;322
21210032;AV-RET. A DESCONTAR POR CLIENTES;2.1.2.1.1.1.5;AV_ OTROS ACREEDORES VARIOS;322
21210033;AV-GTOS. A DESCONTAR POR CLIENTES;2.1.2.1.1.1.5;AV_ OTROS ACREEDORES VARIOS;322
21210034;AV-BANCARD S.A.;2.1.2.1.1.1.5;AV_ OTROS ACREEDORES VARIOS;322
21210035;AV-NUESTRA SRA. DE LA ASUNCION;2.1.2.1.1.1.5;AV_ OTROS ACREEDORES VARIOS;322
21210036;AV-ROBERTO ARRUA;2.1.2.1.1.1.6;AV_ HONORARIOS A PAGAR;323
21210037;AV-ALIANZA CONSULTORES;2.1.2.1.1.1.6;AV_ HONORARIOS A PAGAR;323
21210038;AV-JUAN B. FIORIO;2.1.2.1.1.1.6;AV_ HONORARIOS A PAGAR;323
21210039;AV-RODOLFO ORIHUELA;2.1.2.1.1.1.7;AV_ FLETES VARIOS A PAGAR;324
21210040;AV-RAMON VAZQUEZ;2.1.2.1.1.1.7;AV_ FLETES VARIOS A PAGAR;324
21210041;AV-SABINO LEDESMA;2.1.2.1.1.1.7;AV_ FLETES VARIOS A PAGAR;324
21210042;AV-LUIS RIVEROS;2.1.2.1.1.1.7;AV_ FLETES VARIOS A PAGAR;324
21210043;AV-VICTOR LARROSA;2.1.2.1.1.1.7;AV_ FLETES VARIOS A PAGAR;324
21210044;AV-HIGINIO GARCIA;2.1.2.1.1.1.7;AV_ FLETES VARIOS A PAGAR;324
21210045;AV-MARIO GONZALEZ;2.1.2.1.1.1.7;AV_ FLETES VARIOS A PAGAR;324
21210046;AV-JULIO GONZALEZ;2.1.2.1.1.1.7;AV_ FLETES VARIOS A PAGAR;324
21210047;AV-MARCO ORIHUELA;2.1.2.1.1.1.7;AV_ FLETES VARIOS A PAGAR;324
21210048;AV-JORGE ORTIZ;2.1.2.1.1.1.7;AV_ FLETES VARIOS A PAGAR;324
21210049;AV-SEGURI RAP;2.1.2.1.1.1.5;AV_ OTROS ACREEDORES VARIOS;322
21210050;AV-SERVICE WATANABE S.R.L.;2.1.2.1.1.1.5;AV_ OTROS ACREEDORES VARIOS;322
21210051;AV-LEONARDO VELAZQUEZ;2.1.2.1.1.1.5;AV_ OTROS ACREEDORES VARIOS;322
21210052;AV- S.A. RURAL IND. Y COM.;2.1.2.1.1.1.3;AV_ SARIC;320
21210053;AV- DESPACHANTES DE ADUANAS - VARIOS;2.1.2.1.1.1.4;AV_ DESPACHANTES DE ADUANA VARIOS;321
21210098;AV - PROVISIONES EFECTUADAS;2.1.3.4.1.1.2;PROVISIONES EFECTUADAS / IMPORTACION;363
21210099;AV-ACREEDORES VARIOS SAN LORENZO;2.1.2.1.1.1.5;AV_ OTROS ACREEDORES VARIOS;322
21220;ACREEDORES EST. DE SERVIC.;2.1.2.1.1.1.5;AV_ OTROS ACREEDORES VARIOS;322
21220001;AV-TOP INFORMATICA S.R.L.;2.1.2.1.1.1.5;AV_ OTROS ACREEDORES VARIOS;322
21220002;AV-MERC COMERCIAL;2.1.2.1.1.1.5;AV_ OTROS ACREEDORES VARIOS;322
21220099;AV-ACREEDORES VARIOS EST. DE SERV.;2.1.2.1.1.1.5;AV_ OTROS ACREEDORES VARIOS;322
21230;ACREEDORES AGRICOLA;2.1.2.1.1.1.5;AV_ OTROS ACREEDORES VARIOS;322
21230001;AV-CHACOMER S.A.E.C.A.;2.1.2.1.1.1.5;AV_ OTROS ACREEDORES VARIOS;322
21230002;AV-YHAGUY REPUESTOS;2.1.2.1.1.1.5;AV_ OTROS ACREEDORES VARIOS;322
21230003;AV-TRACTO REPUESTOS S.A.;2.1.2.1.1.1.5;AV_ OTROS ACREEDORES VARIOS;322
21230004;AV-CIABAY;2.1.2.1.1.1.5;AV_ OTROS ACREEDORES VARIOS;322
21230005;AV-RIEDER & CIA. S.A.C.I.;2.1.2.1.1.1.5;AV_ OTROS ACREEDORES VARIOS;322
21230006;AV-FABRI CARR S.R.L.;2.1.2.1.1.1.5;AV_ OTROS ACREEDORES VARIOS;322
21230007;AV-ONESIMO CABRERA;2.1.2.1.1.1.5;AV_ OTROS ACREEDORES VARIOS;322
21230008;AV-AGROVET S.A.;2.1.2.1.1.1.5;AV_ OTROS ACREEDORES VARIOS;322
21230009;AV-ALAMBRA S.A.;2.1.2.1.1.1.5;AV_ OTROS ACREEDORES VARIOS;322
21230010;AV-AGROALAMBRE DISTRIBUIDORA;2.1.2.1.1.1.5;AV_ OTROS ACREEDORES VARIOS;322
21230011;AV-BASCULAS LONGHINO S.A.;2.1.2.1.1.1.5;AV_ OTROS ACREEDORES VARIOS;322
21230012;AV-EMPRENDIMIENTOS FORESTALES S.R.L.;2.1.2.1.1.1.5;AV_ OTROS ACREEDORES VARIOS;322
21230013;AV-TAPITI S.R.L.;2.1.2.1.1.1.5;AV_ OTROS ACREEDORES VARIOS;322
21230099;AV-ACREEDORES VARIOS HACIENDA;2.1.2.1.1.1.5;AV_ OTROS ACREEDORES VARIOS;322
21240;ACREEDORES GANADERIA;2.1.2.1.1.1.5;AV_ OTROS ACREEDORES VARIOS;322
21240001;AV-HA-CIAVET S.R.L.;2.1.2.1.1.1.5;AV_ OTROS ACREEDORES VARIOS;322
21240002;AV-HA-INVET S.R.L.;2.1.2.1.1.1.5;AV_ OTROS ACREEDORES VARIOS;322
21240003;AV-HA-MERCO IMPORT S.A.;2.1.2.1.1.1.5;AV_ OTROS ACREEDORES VARIOS;322
21240004;AV-HA-BIENESTAR ANIMAL;2.1.2.1.1.1.5;AV_ OTROS ACREEDORES VARIOS;322
21240005;AV-HA-PRISCILA CRISTINA RAMIREZ BAREIRO;2.1.2.1.1.1.5;AV_ OTROS ACREEDORES VARIOS;322
21240006;AV-HA-BIOTECNICA S.R.L.;2.1.2.1.1.1.5;AV_ OTROS ACREEDORES VARIOS;322
21240007;AV-HA-TROCIUK Y CIA. A.G.I.S.A.;2.1.2.1.1.1.5;AV_ OTROS ACREEDORES VARIOS;322
21240008;AV-HA-CIATER S.A.;2.1.2.1.1.1.5;AV_ OTROS ACREEDORES VARIOS;322
21240009;AV-HA-AGROFIELD S.R.L.;2.1.2.1.1.1.5;AV_ OTROS ACREEDORES VARIOS;322
21240010;AV-HA-LISANDRO GUILLEN;2.1.2.1.1.1.5;AV_ OTROS ACREEDORES VARIOS;322
21240011;AV-HA-RAMON MELGAREJO;2.1.2.1.1.1.5;AV_ OTROS ACREEDORES VARIOS;322
21240012;AV-HA-JOSE RUGGIERI;2.1.2.1.1.1.5;AV_ OTROS ACREEDORES VARIOS;322
213;OTRAS DEUDAS;;NO APLICA;#N/D
21310;DEUDAS BANCARIAS Y PERSONALES;;NO APLICA;#N/D
21310001;DB-PRESTAMOS;2.1.3.1.1.1.1;DB_ PRESTAMOS BANCARIOS;337
21310002;DB-INTERESES A PAGAR;2.1.3.1.1.1.2;DB_ INTERESES A PAGAR;338
21310003;DB-INTERESES A VENCER;2.1.3.1.1.1.3;DB_ INTERESES A VENCER;339
21310004;DB-SOBREGIROS EN CTAS. CTES.;2.1.3.1.1.1.5;DB_ OTRAS DEUDAS BANCARIAS;341
21310005;GARANTIA DE ALQUILER;;NO APLICA;#N/D
21310006;DB - TARJETA DE CRED. SUDAMERIS;2.1.3.1.1.1.4;DB_ TARJETAS DE CREDITOS;340
21310007;DB - TARJETA DE CREDITO ITAU;2.1.3.1.1.1.4;DB_ TARJETAS DE CREDITOS;340
21310099;DB- OTRAS DEUDAS BANCARIAS;2.1.3.1.1.1.5;DB_ OTRAS DEUDAS BANCARIAS;341
21320;DEUDAS SOCIALES;;NO APLICA;#N/D
21320001;DS-SUELDOS Y JORNALES A PAGAR;2.1.3.3.1.1.2;SUELDOS A PAGAR;356
21320002;DS-AGUINALDO A PAGAR;2.1.3.3.1.1.3;AGUINALDOS A PAGAR;357
21320003;DS-INSTITUTO DE PREVISION SOCIAL;2.1.3.3.1.1.1;IPS A PAGAR;355
21320004;DS-DIVIDENDOS A PAGAR;2.1.3.4.1.1.1;DIVIDENDOS A PAGAR;362
21320005;DS-PARTICIPACION ESTATUTARIA ART. Nº 32;2.1.3.4.1.1.1;DIVIDENDOS A PAGAR;362
21320006;DS-CUOTA ASOC. EMPL. AZPA/SARIC;;NO APLICA;#N/D
21320007;DS-FUNDACION TEBICUARY;;NO APLICA;#N/D
21320008;DS-PROVISION PARA DONACIONES;;NO APLICA;#N/D
21330;DEUDAS FISCALES;;NO APLICA;#N/D
21330001;DF-DIRECC. GRAL. DE GRANDES CONTRIB.;2.1.3.2.1.1.3;IMPUESTO A LA RENTA A PAGAR;347
21330002;DF-RETENCIONES I.V.A. A PAGAR;2.1.3.2.1.1.4;RETENCION DE IVA A PAGAR;348
21330003;DF-RETENCIONES DE RENTA A PAGAR;2.1.3.2.1.1.5;RETENCION DE RENTA A PAGAR;349
21330004;DF- RETENCIONES DE IDU A PAGAR;2.1.3.2.1.1.6;RETENCION DE IDU;350
214;PREVISIONES;;NO APLICA;#N/D
21410;PREVISION CONTITUIDAS;;NO APLICA;#N/D
21410001;PREVISIONES PARA CONTINGENCIAS;2.2.4.1.1.1.1;PREVISIONES PARA CONTINGENCIAS;386
3;PATRIMONIO NETO;;NO APLICA;#N/D
31;CAPITAL, RESERVAS Y RESULTADOS;;NO APLICA;#N/D
311;CAPITAL;;NO APLICA;#N/D
31110;CAPITAL REALIZADO;;NO APLICA;#N/D
31110001;CAPITAL SOCIAL;3.1.1.1.1.1.2;CAPITAL INTEGRADO;398
312;RESERVAS;;NO APLICA;#N/D
31210;RESERVAS LEGALES;;NO APLICA;#N/D
31210001;RE-LEGAL;3.1.2.1.1.1.1;RE_ LEGAL;403
31210002;RE-DE REVALUO LEY 125/91;3.1.2.1.1.1.2;RE_ REVALUO LEY 125/91;404
31210003;RE-DE REVALUO DE INVERSIONES;3.1.2.2.1.1.6;RE_ REVALUO DE INVERSIONES;413
31220;RESERVAS FACULTATIVAS;;NO APLICA;#N/D
31220001;RE-FONDO DE SOCORROS;3.1.2.2.1.1.1;RE_ FONDO DE SOCORRO;408
31220002;RE-PARA COMPRA CAMPO NUEVO;3.1.2.2.1.1.2;RE_ PARA COMPRA DE CAMPO NUEVO;409
31220003;RE-FACULTATIVAS;3.1.2.2.1.1.3;RE_ FACULTATIVAS;410
31220004;RE-RESERVAS PARA CONTINGENCIAS;3.1.2.2.1.1.4;RE_ RESERVAS PARA CONTINGENCIAS;411
31220005;RE-FUTURA INTEGRACION DEL CAPITAL INT.;;NO APLICA;#N/D
31220006;RE- RESULTADOS DE ACCIONES PROPIAS;3.1.2.2.1.1.5;RE_ RESULTADOS DE ACCIONES PROPIAS;412
31220007;RE-REVALUO DE INVERSIONES;3.1.2.2.1.1.6;RE_ REVALUO DE INVERSIONES;413
31220008;RE- POR REVALUACION DE ACTIVOS;3.1.2.2.1.1.7;RE_ POR REVALUACION DE ACTIVOS;414
313;RESULTADOS;;NO APLICA;#N/D
31310;RESULTADOS;;NO APLICA;#N/D
31310001;RESULTADOS ACUMULADOS;3.1.3.1.1.1.1;RESULTADOS ACUMULADOS;419
31310002;RESULTADO DEL EJERCICIO;3.1.3.1.1.1.2;RESULTADO DEL EJERCICIO;420
4;INGRESOS OPERATIVOS;;NO APLICA;#N/D
41;VENTAS;;NO APLICA;#N/D
411;VENTAS DISTRIBUCION;;NO APLICA;#N/D
41110;GRAN ASUNCION;;NO APLICA;#N/D
41110101;SUPERMERCADOS GA;;NO APLICA;#N/D
41110102;OTROS GA;;NO APLICA;#N/D
41110103;VT - AZUCAR;4.1.1.1.1.1.1;VENTAS_ AZUCAR;428
41110104;VT - MERCADERIAS VARIAS;4.1.1.1.1.1.2;VENTAS_ MERCADERIAS VARIAS;429
41110110;DEV. SUPERMERCADOS GA;;NO APLICA;#N/D
41110111;DEV. OTROS GA;;NO APLICA;#N/D
41110112;DEV - AZUCAR;4.1.1.1.1.1.3;DEVOLUCIONES_ AZUCAR;430
41110113;DEV - MRIAS VARIAS;4.1.1.1.1.1.4;DEVOLUCIONES_ MERCADERIAS VARIAS;431
41120;INTERIOR;;NO APLICA;#N/D
41120101;SUPERMERCADOS INT.;;NO APLICA;#N/D
41120102;OTROS INT.;;NO APLICA;#N/D
41120110;DEV. SUPERMERCADOS INT.;;NO APLICA;#N/D
41120111;DEV. OTROS INT.;;NO APLICA;#N/D
41130;VENTAS INDUSTRIALES;;NO APLICA;#N/D
41130101;IND. MERCAD. GRAV.;;NO APLICA;#N/D
41130102;REFRACTARIOS;4.1.1.3.1.1.4;VENTAS_ REFRACTARIOS;447
41130110;DEV. INDUSTRIALES;;NO APLICA;#N/D
41130111;DEV. REFRACTARIOS;;NO APLICA;#N/D
412;VENTAS ESTACION DE SERVICIO;;NO APLICA;#N/D
41210;PLAYA ESSO;;NO APLICA;#N/D
41210101;VT-GASOIL;;NO APLICA;#N/D
41210102;VT-NAFTAS;;NO APLICA;#N/D
41210103;VT-LUBRICANTES;;NO APLICA;#N/D
41210104;VT-GARRAFAS;;NO APLICA;#N/D
41210105;VT-REPUESTOS Y ACCESORIOS;;NO APLICA;#N/D
41210106;VT-CAMARAS Y CUBIERTAS;;NO APLICA;#N/D
41210107;VT-VARIOS PLAYA;;NO APLICA;#N/D
41210108;VT - DIESEL COMUN;;NO APLICA;#N/D
41210109;VT - EXTRA DIESEL ADIT.;;NO APLICA;#N/D
41210110;VT - DIESEL PODIUM;;NO APLICA;#N/D
41210111;VT - NAFTA ECONOMICA;;NO APLICA;#N/D
41210112;VT - NAFTA SUPER;;NO APLICA;#N/D
41220;SHOP ESSO;;NO APLICA;#N/D
41220101;VT-SHOP VARIOS;;NO APLICA;#N/D
41220102;VT- SERVICIOS;;NO APLICA;#N/D
413;VENTAS GANADERIA;;NO APLICA;#N/D
41310;VENTAS GANADO BOVINO;;NO APLICA;#N/D
41310101;VT-TERNEROS;4.1.1.2.1.1.1;VENTAS_ HACIENDA VACUNA;436
41310102;VT-DESMAMANTES;4.1.1.2.1.1.1;VENTAS_ HACIENDA VACUNA;436
41310103;VT-NOVILLOS;4.1.1.2.1.1.1;VENTAS_ HACIENDA VACUNA;436
41310104;VT-VAQUILLAS;4.1.1.2.1.1.1;VENTAS_ HACIENDA VACUNA;436
41310105;VT-VACAS;4.1.1.2.1.1.1;VENTAS_ HACIENDA VACUNA;436
41310106;VT-TOROS;4.1.1.2.1.1.1;VENTAS_ HACIENDA VACUNA;436
41320;VENTAS GANADO EQUINO;;NO APLICA;#N/D
41320101;VT-EQUINOS;4.1.1.2.1.1.2;VENTAS_ HACIENDA EQUINA;437
41330;VENTAS GANADO OVINO;;NO APLICA;#N/D
41330101;VT-OVINOS;;NO APLICA;#N/D
41340;PASES-PROCREO;;NO APLICA;#N/D
41340101;PASES DE CATEGORIA;4.1.1.2.1.1.3;PASES DE CATEGORIAS;438
41340102;PROCREO DE HACIENDA;4.1.1.2.1.1.4;PROCREO DE HACIENDA;439
41340103;INGRESO POR DIFERENCIAS EN KILOS;;NO APLICA;#N/D
414;VENTAS AGRICOLAS;;NO APLICA;#N/D
41410;VENTAS AGRICOLAS;;NO APLICA;#N/D
41410101;VT-CAÑA DE AZUCAR;;NO APLICA;#N/D
415;VENTAS FORESTALES;;NO APLICA;#N/D
41510;VENTAS FORESTALES;;NO APLICA;#N/D
41510101;VT - ROLLOS;4.1.1.3.1.1.1;VENTAS_ MADERABLES;444
41510102;VT - LEÑAS;4.1.1.3.1.1.2;VENTAS_ ENERGETICOS;445
41510103;VT - CARBON VEGETAL;4.1.1.3.1.1.3;VENTAS_ FORESTALES OTROS;446
41510104;VT - RIPIO;4.1.1.3.1.1.3;VENTAS_ FORESTALES OTROS;446
5;EGRESOS OPERATIVOS;;NO APLICA;#N/D
51;COSTOS;;NO APLICA;#N/D
511;COSTOS DISTRIBUCION;;NO APLICA;#N/D
51110;COSTOS GRAN ASUNCION;;NO APLICA;#N/D
51110101;CV-SUPERMERCADOS GA;;NO APLICA;#N/D
51110102;CV-OTROS GA;;NO APLICA;#N/D
51110103;CV- AZUCAR;5.1.1.1.1.1.1;COSTOS_ AZUCAR;484
51110104;CV - MERCADERIAS VARIAS;5.1.1.1.1.1.2;COSTOS_ MERCADERIAS VARIAS;485
51110110;CV-DEV. SUPERMERCADOS GA;;NO APLICA;#N/D
51110111;CV-DEV. OTROS GA;;NO APLICA;#N/D
51110112;CV-DEV- AZUCAR;5.1.1.1.1.1.3;COSTOS_ DEVOLUCIONES AZUCAR;486
51110113;CV-DEV-MRIAS. VARIAS;5.1.1.1.1.1.4;COSTOS_ DEVOLUCIONES MERCADERIAS VARIAS;487
51120;COSTOS INTERIOR;;NO APLICA;#N/D
51120101;CV-SUPERMERCADOS INT.;;NO APLICA;#N/D
51120102;CV-OTROS INT.;;NO APLICA;#N/D
51120110;CV-DEV. SUPERMERCADOS INT.;;NO APLICA;#N/D
51120111;CV-DEV. OTROS INT.;;NO APLICA;#N/D
51130;COSTOS INDUSTRIALES;;NO APLICA;#N/D
51130101;CV-IND. MERCAD. GRAV.;;NO APLICA;#N/D
51130102;CV-REFRACTARIOS;;NO APLICA;#N/D
51130110;CV-DEV. INDUSTRIALES;;NO APLICA;#N/D
51130111;CV-DEV. REFRACTARIOS;;NO APLICA;#N/D
512;COSTOS ESTACION DE SERVICIO;;NO APLICA;#N/D
51210;COSTOS PLAYA ESSO;;NO APLICA;#N/D
51210101;CV-GASOIL;;NO APLICA;#N/D
51210102;CV-NAFTAS;;NO APLICA;#N/D
51210103;CV-LUBRICANTES;;NO APLICA;#N/D
51210104;CV-GARRAFAS;;NO APLICA;#N/D
51210105;CV-REPUESTOS Y ACCESORIOS;;NO APLICA;#N/D
51210106;CV-CAMARAS Y CUBIERTAS;;NO APLICA;#N/D
51210107;CV-VARIOS PLAYA;;NO APLICA;#N/D
51210108;CV - DIESEL COMUN;;NO APLICA;#N/D
51210109;CV - EXTRA DIESEL ADIT.;;NO APLICA;#N/D
51210110;CV - DIESEL PODIUM;;NO APLICA;#N/D
51210111;CV - NAFTA ECONOMICA;;NO APLICA;#N/D
51210112;CV - NAFTA SUPER;;NO APLICA;#N/D
51220;COSTOS SHOP ESSO;;NO APLICA;#N/D
51220101;CV-SHOP VARIOS;;NO APLICA;#N/D
513;COSTOS GANADERIA;;NO APLICA;#N/D
51310;COSTOS GANADO BOVINO;;NO APLICA;#N/D
51310101;CV-TERNEROS;5.1.1.2.1.1.1;COSTOS_ GANADO HACIENDA VACUNA;491
51310102;CV-DESMAMANTES;5.1.1.2.1.1.1;COSTOS_ GANADO HACIENDA VACUNA;491
51310103;CV-NOVILLOS;5.1.1.2.1.1.1;COSTOS_ GANADO HACIENDA VACUNA;491
51310104;CV-VAQUILLAS;5.1.1.2.1.1.1;COSTOS_ GANADO HACIENDA VACUNA;491
51310105;CV-VACAS;5.1.1.2.1.1.1;COSTOS_ GANADO HACIENDA VACUNA;491
51310106;CV-TOROS;5.1.1.2.1.1.1;COSTOS_ GANADO HACIENDA VACUNA;491
51310111;CV- TERNEROS GND;5.1.1.2.1.1.3;COSTOS_ HACIENDA VACUNA (GND);493
51310112;CV- DESMAMANTES GND;5.1.1.2.1.1.3;COSTOS_ HACIENDA VACUNA (GND);493
51310113;CV- NOVILLOS GND;5.1.1.2.1.1.3;COSTOS_ HACIENDA VACUNA (GND);493
51310114;CV- VAQUILLAS GND;5.1.1.2.1.1.3;COSTOS_ HACIENDA VACUNA (GND);493
51310115;CV- VACAS GND;5.1.1.2.1.1.3;COSTOS_ HACIENDA VACUNA (GND);493
51310116;CV- TOROS GND;5.1.1.2.1.1.3;COSTOS_ HACIENDA VACUNA (GND);493
51320;COSTOS GANADO EQUINO;;NO APLICA;#N/D
51320101;CV-EQUINOS;5.1.1.2.1.1.2;COSTOS_ HACIENDA EQUINA;492
51320102;CV-EQUINOS GND;5.1.1.2.1.1.4;COSTOS_ HACIENDA EQUINA (GND);494
51330;COSTOS GANADO OVINO;;NO APLICA;#N/D
51330101;CV-OVINOS;;NO APLICA;#N/D
51330102;CV-OVINOS GND;;NO APLICA;#N/D
51340;COSTOS PASES-PROCREO;;NO APLICA;#N/D
51340101;CV-PASES DE CATEGORIA;;NO APLICA;#N/D
51340102;MORTANDAD DE HACIENDA;4.1.1.2.1.1.5;MORTANDAD DE HACIENDA;440
51340103;EGRESO POR DIFERENCIAS EN KILOS;;NO APLICA;#N/D
514;COSTOS AGRICOLAS;;NO APLICA;#N/D
51410;COSTOS AGRICOLAS;;NO APLICA;#N/D
51410101;CV-CAÑA DE AZUCAR;;NO APLICA;#N/D
515;COSTOS FORESTALES;;NO APLICA;#N/D
51510;COSTOS FORESTALES;;NO APLICA;#N/D
51510101;CV-ROLLOS;5.1.1.3.1.1.1;COSTOS_ MADERABLES;498
51510102;CV-LEÑAS;5.1.1.3.1.1.2;COSTOS_ ENERGETICOS;499
51510103;CV-CARBON VEGETAL;5.1.1.3.1.1.3;COSTOS_ FORESTALES OTROS;500
51510104;CV-RIPIO;5.1.1.3.1.1.3;COSTOS_ FORESTALES OTROS;500
52;GASTOS;;NO APLICA;#N/D
521;GASTOS OPERATIVOS;;NO APLICA;#N/D
52110;GASTOS ADMINISTRATIVOS;;NO APLICA;#N/D
52110001;GAC-SUELDOS;5.1.2.1.1.1.1;GAD_ SUELDOS Y JORNALES;506
52110002;GAC-JORNALES;5.1.2.1.1.1.1;GAD_ SUELDOS Y JORNALES;506
52110003;GAC-COMISIONES PAGADAS;5.1.2.1.1.1.2;GAD_ COMISIONES PAGADAS;507
52110004;GAC-BONIFICACION FAMILIAR;5.1.2.1.1.1.5;GAD_ BONIFICACION FAMILIAR;510
52110005;GAC-VACACIONES PAGADAS;5.1.2.1.1.1.3;GAD_ VACACIONES PAGADAS;508
52110006;GAC-AGUINALDOS;5.1.2.1.1.1.6;GAD_ AGUINALDOS;511
52110007;GAC-APORTE PATRONAL;5.1.2.1.1.1.4;GAD_ APORTE PATRONAL;509
52110008;GAC-INDEMNIZ. Y PRE AVISO;5.1.2.1.1.1.7;GAD_ INDEMNIZACION Y PREAVISO;512
52110009;GAC-PRESTACION DE ALIMENTOS;5.1.2.1.1.1.8;GAD_ PRESTACION DE ALIMENTOS;513
52110010;GAC-UNIFORMES;5.1.2.1.1.1.9;GAD_ UNIFORMES;514
52110011;GAC-CAPACITACION PERSONAL;5.1.2.1.1.1.11;GAD_ CAPACITACION AL PERSONAL;516
52110012;GAC-HONORARIOS PROFESIONALES;5.1.2.1.1.1.12;GAD_ HONORARIOS PROFESIONALES;517
52110013;GAC-VIATICO Y MOVILIDAD;5.1.2.1.1.1.14;GAD_ VIATICO Y MOVILIDAD;519
52110014;GAC-COMBUSTIBLES Y LUBRICANTES;5.1.2.1.1.1.15;GAD_ COMBUSTIBLES Y LUBRICANTES;520
52110015;GAC-SERVICIOS DE TERCEROS;5.1.2.1.1.1.16;GAD_ SERVICIOS DE TERCEROS;521
52110016;GAC-ALQUILERES PAGADOS;5.1.2.1.1.1.17;GAD_ ALQUILERES PAGADOS;522
52110017;GAC-ESTIBAJE;5.1.2.1.1.1.16;GAD_ SERVICIOS DE TERCEROS;521
52110018;GAC-REMUN. PERSONAL SUPERIOR;5.1.2.1.1.1.13;GAD_ REMUNERACION AL PERSONAL SUPERIOR;518
52110019;GAC-SUSCRIPC. AVISOS Y PUBLIC.;5.1.2.1.1.1.18;GAD_ SUSCRIPCIONES, AVISOS Y PUBLICACIONES;523
52110020;GAC-ENCOMIENDAS;5.1.2.1.1.1.19;GAD_ ENCOMIENDAS;524
52110021;GAC-PAPELES Y UTILES DE OFICINA;5.1.2.1.1.1.20;GAD_ PAPELES Y UTILES DE OFICINA;525
52110022;GAC-TELEFONOS Y TELEGR.;5.1.2.1.1.1.21;GAD_ TELEFONIA / INTERNET;526
52110023;GAC-ENERGIA ELECTRICA;5.1.2.1.1.1.22;GAD_ ENERGIA ELECTRICA;527
52110024;GAC-AGUA CORRIENTE;5.1.2.1.1.1.23;GAD_ AGUA CORRIENTE;528
52110025;GAC-FLETES;5.1.2.1.1.1.24;GAD_ FLETES PAGADOS;529
52110026;GAC-GASTOS DE DEMANDA/ESCRIBANIA;5.1.2.1.1.1.25;GAD_ GASTOS DE DEMANDA / ESCRIBANIA;530
52110027;GAC-GASTOS DE PROM. Y VTAS.;5.1.2.1.1.1.27;GAD_ GASTOS DE PROMOCION Y VENTAS;532
52110028;GAC-DONAC. Y CONTRIB.;5.1.2.1.1.1.30;GAD_ DONACIONES Y CONTRIBUCIONES;535
52110029;GAC-REPAR. Y MANTEN. MAQUIN. EQUIPOS;5.1.2.1.1.1.31;GAD_ REPARACION Y MANTENIMIENTO DE EQUIPOS;536
52110030;GAC-REPAR. Y MANTEN. INMUEBLES;5.1.2.1.1.1.32;GAD_ REPARACION Y MANTENIMIENTO DE INMUEBLES;537
52110031;GAC-SEGUROS;5.1.2.1.1.1.33;GAD_ SEGUROS CONTRATADOS (BIENES);538
52110032;GAC-GASTOS FINANCIEROS;5.1.2.1.1.1.34;GAD_ GASTOS FINANCIEROS;539
52110033;GAC-DESCUENTOS OTORGADOS;5.1.2.1.1.1.28;GAD_ DESCUENTOS OTORGADOS;533
52110034;GAC-CREDITOS INCOBRABLES;5.1.2.1.1.1.35;GAD_ CREDITOS INCOBRABLES;540
52110035;GAC-DERRAME, MERMAS Y PERDIDAS MERC.;5.1.2.1.1.1.36;GAD_ DERRAME, MERMAS Y PERDIDAS / INVENTARIOS;541
52110036;GAC-IMPUESTOS, TASAS Y PATENTES;5.1.2.1.1.1.38;GAD_ IMPUESTOS, TASAS Y PATENTES;543
52110037;GAC-DEPRECIACIONES;5.1.2.1.1.1.39;GAD_ DEPRECIACIONES DEL EJERCICIO;544
52110038;GAC-I.V.A. GASTOS;5.1.2.1.1.1.41;GAD_ I.V.A. GASTO (PROPORCIONAL);546
52110039;GAC-IMPUESTO A LA RENTA;5.1.2.1.1.1.42;GAD_ IMPUESTO A LA RENTA;547
52110040;GAC-ARTICULOS DE LIMPIEZA;5.1.2.1.1.1.37;GAD_ ARTICULOS DE LIMPIEZA;542
52110098;GAC-AMORTIZACIONES DEL EJERCICIO;5.1.2.1.1.1.40;GAD_ AMORTIZACIONES DEL EJERCICIO;545
52110099;GAC-OTROS GASTOS;5.1.2.1.1.1.44;GAD_ OTROS GASTOS ADMINISTRATIVOS;549
52120;GASTOS DISTRIBUCION CENTRAL;;NO APLICA;#N/D
52120001;GDC-SUELDOS;5.1.2.2.1.1.1;GVC_ SUELDOS Y JORNALES;553
52120002;GDC-JORNALES;5.1.2.2.1.1.1;GVC_ SUELDOS Y JORNALES;553
52120003;GDC-COMISIONES PAGADAS;5.1.2.2.1.1.2;GVC_ COMISIONES PAGADAS;554
52120004;GDC-BONIFICACION FAMILIAR;5.1.2.2.1.1.5;GVC_ BONIFICACION FAMILIAR;557
52120005;GDC-VACACIONES PAGADAS;5.1.2.2.1.1.3;GVC_ VACACIONES PAGADAS;555
52120006;GDC-AGUINALDOS;5.1.2.2.1.1.6;GVC_ AGUINALDOS;558
52120007;GDC-APORTE PATRONAL;5.1.2.2.1.1.4;GVC_ APORTE PATRONAL;556
52120008;GDC-INDEMNIZ. Y PRE AVISO;5.1.2.2.1.1.7;GVC_ INDEMNIZACION Y PREAVISO;559
52120009;GDC-PRESTACION DE ALIMENTOS;5.1.2.2.1.1.8;GVC_ PRESTACION DE ALIMENTOS;560
52120010;GDC-UNIFORMES;5.1.2.2.1.1.9;GVC_ UNIFORMES;561
52120011;GDC-CAPACITACION PERSONAL;5.1.2.2.1.1.11;GVC_ CAPACITACION AL PERSONAL;563
52120012;GDC-HONORARIOS PROFESIONALES;5.1.2.2.1.1.12;GVC_ HONORARIOS PROFESIONALES;564
52120013;GDC-VIATICO Y MOVILIDAD;5.1.2.2.1.1.14;GVC_ VIATICO Y MOBILIDAD;566
52120014;GDC-COMBUSTIBLES Y LUBRICANTES;5.1.2.2.1.1.15;GVC_ COMBUSTIBLES Y LUBRICANTES;567
52120015;GDC-SERVICIOS DE TERCEROS;5.1.2.2.1.1.16;GVC_ SERVICIOS DE TERCEROS;568
52120016;GDC-ALQUILERES PAGADOS;5.1.2.2.1.1.17;GVC_ ALQUILERES PAGADOS;569
52120017;GDC-ESTIBAJE;5.1.2.2.1.1.16;GVC_ SERVICIOS DE TERCEROS;568
52120018;GDC-REMUN. PERSONAL SUPERIOR;5.1.2.2.1.1.13;GVC_ REMUNERACION AL PERSONAL SUPERIOR;565
52120019;GDC-SUSCRIPC. AVISOS Y PUBLIC.;5.1.2.2.1.1.18;GVC_ SUSCRIPCIONES, AVISOS Y PUBLICACIONES;570
52120020;GDC-ENCOMIENDAS;5.1.2.2.1.1.19;GVC_ ENCOMIENDAS;571
52120021;GDC-PAPELES Y UTILES DE OFICINA;5.1.2.2.1.1.20;GVC_ PAPELES Y UTILES DE OFICINA;572
52120022;GDC-TELEFONOS Y TELEGR.;5.1.2.2.1.1.21;GVC_ TELEFONIA / INTERNET;573
52120023;GDC-ENERGIA ELECTRICA;5.1.2.2.1.1.22;GVC_ ENERGIA ELECTRICA;574
52120024;GDC-AGUA CORRIENTE;5.1.2.2.1.1.23;GVC_ AGUA CORRIENTE;575
52120025;GDC-FLETES;5.1.2.2.1.1.24;GVC_ FLETES PAGADOS;576
52120026;GDC-GASTOS DE DEMANDA/ESCRIBANIA;5.1.2.2.1.1.25;GVC_ GASTOS DE DEMANDA / ESCRIBANIA;577
52120027;GDC-GASTOS DE PROM. Y VTAS.;5.1.2.2.1.1.27;GVC_ GASTOS DE PROMOCION Y VENTAS;579
52120028;GDC-DONAC. Y CONTRIB.;5.1.2.2.1.1.30;GVC_ DONACIONES Y CONTRIBUCIONES;582
52120029;GDC-REPAR. Y MANTEN. MAQUIN. EQUIPOS;5.1.2.2.1.1.31;GVC_ REPARACION Y MANTENIMIENTO DE EQUIPOS;583
52120030;GDC-REPAR. Y MANTEN. INMUEBLES;5.1.2.2.1.1.32;GVC_ REPARACION Y MANTENIMIENTO DE INMUEBLES;584
52120031;GDC-SEGUROS;5.1.2.2.1.1.33;GVC_ SEGUROS CONTRATADOS (BIENES);585
52120032;GDC-GASTOS FINANCIEROS;5.1.2.2.1.1.34;GVC_ GASTOS FINANCIEROS;586
52120033;GDC-DESCUENTOS OTORGADOS;5.1.2.2.1.1.28;GVC_ DESCUENTOS OTORGADOS;580
52120034;GDC-CREDITOS INCOBRABLES;5.1.2.2.1.1.35;GVC_ CREDITOS INCOBRABLES;587
52120035;GDC-DERRAME, MERMAS Y PERDIDAS MERC.;5.1.2.2.1.1.36;GVC_ DERRAMES, MERMAS Y PERDIDAS / INVENTARIOS;588
52120036;GDC-IMPUESTOS, TASAS Y PATENTES;5.1.2.2.1.1.38;GVC_ IMPUESTOS, TASAS Y PATENTES;590
52120037;GDC-DEPRECIACIONES;5.1.2.2.1.1.39;GVC_ DEPRECIACIONES DEL EJERCICIO;591
52120038;GDC-I.V.A. GASTOS;5.1.2.2.1.1.41;GVC_ I.V.A. GASTOS (GND);593
52120039;GDC-IMPUESTO A LA RENTA;5.1.2.2.1.1.42;GVC_ IMPUESTO A LA RENTA;594
52120040;GDC-ARTICULOS DE LIMPIEZA;5.1.2.2.1.1.37;GVC_ ARTICULOS DE LIMPIEZA;589
52120041;GDC-PERDIDA EN PRODUCCION;5.1.2.2.1.1.40;GVC_ AMORTIZACIONES DEL EJERCICIO;592
52120042;GDC - RETORNO A DISTRIBUIDORES;5.1.2.1.1.1.26;GAD_ RETORNO POR ACUERDOS COMERCIALES;531
52120043;GDC-MATERIALES PUBLICITARIOS Y DE PROMOCION;5.1.2.1.1.1.29;GAD_ GASTOS DE MKT Y PUBLICIDAD;534
52120098;GDC-AMORTIZACIONES DEL EJERCICIO;5.1.2.2.1.1.40;GVC_ AMORTIZACIONES DEL EJERCICIO;592
52120099;GDC-OTROS GASTOS;5.1.2.2.1.1.44;GVC_ OTROS GASTOS DE VENTAS;596
52130;GASTOS DISTRIBUCION SUPERMERCADOS;;NO APLICA;#N/D
52130001;GSA-SUELDOS;;NO APLICA;#N/D
52130002;GSA-JORNALES;;NO APLICA;#N/D
52130003;GSA-COMISIONES PAGADAS;;NO APLICA;#N/D
52130004;GSA-BONIFICACION FAMILIAR;;NO APLICA;#N/D
52130005;GSA-VACACIONES PAGADAS;;NO APLICA;#N/D
52130006;GSA-AGUINALDOS;;NO APLICA;#N/D
52130007;GSA-APORTE PATRONAL;;NO APLICA;#N/D
52130008;GSA-INDEMNIZ. Y PRE AVISO;;NO APLICA;#N/D
52130009;GSA-PRESTACION DE ALIMENTOS;;NO APLICA;#N/D
52130010;GSA-UNIFORMES;;NO APLICA;#N/D
52130011;GSA-CAPACITACION PERSONAL;;NO APLICA;#N/D
52130012;GSA-HONORARIOS PROFESIONALES;;NO APLICA;#N/D
52130013;GSA-VIATICO Y MOVILIDAD;;NO APLICA;#N/D
52130014;GSA-COMBUSTIBLES Y LUBRICANTES;;NO APLICA;#N/D
52130015;GSA-SERVICIOS DE TERCEROS;;NO APLICA;#N/D
52130016;GSA-ALQUILERES PAGADOS;;NO APLICA;#N/D
52130017;GSA-ESTIBAJE;;NO APLICA;#N/D
52130018;GSA-REMUN. PERSONAL SUPERIOR;;NO APLICA;#N/D
52130019;GSA-SUSCRIPC. AVISOS Y PUBLIC.;;NO APLICA;#N/D
52130020;GSA-ENCOMIENDAS;;NO APLICA;#N/D
52130021;GSA-PAPELES Y UTILES DE OFICINA;;NO APLICA;#N/D
52130022;GSA-TELEFONOS Y TELEGR.;;NO APLICA;#N/D
52130023;GSA-ENERGIA ELECTRICA;;NO APLICA;#N/D
52130024;GSA-AGUA CORRIENTE;;NO APLICA;#N/D
52130025;GSA-FLETES;;NO APLICA;#N/D
52130026;GSA-GASTOS DE DEMANDA/ESCRIBANIA;;NO APLICA;#N/D
52130027;GSA-GASTOS DE PROM. Y VTAS.;;NO APLICA;#N/D
52130028;GSA-DONAC. Y CONTRIB.;;NO APLICA;#N/D
52130029;GSA-REPAR. Y MANTEN. MAQUIN. EQUIPOS;;NO APLICA;#N/D
52130030;GSA-REPAR. Y MANTEN. INMUEBLES;;NO APLICA;#N/D
52130031;GSA-SEGUROS;;NO APLICA;#N/D
52130032;GSA-GASTOS FINANCIEROS;;NO APLICA;#N/D
52130033;GSA-DESCUENTOS OTORGADOS;;NO APLICA;#N/D
52130034;GSA-CREDITOS INCOBRABLES;;NO APLICA;#N/D
52130035;GSA-DERRAME, MERMAS Y PERDIDAS MERC.;;NO APLICA;#N/D
52130036;GSA-IMPUESTOS, TASAS Y PATENTES;;NO APLICA;#N/D
52130037;GSA-DEPRECIACIONES;;NO APLICA;#N/D
52130038;GSA-I.V.A. GASTOS;;NO APLICA;#N/D
52130039;GSA-IMPUESTO A LA RENTA;;NO APLICA;#N/D
52130040;GSA-ARTICULOS DE LIMPIEZA;;NO APLICA;#N/D
52130099;GSA-OTROS GASTOS;;NO APLICA;#N/D
52140;GASTOS DISTRIBUCION OTROS GA;;NO APLICA;#N/D
52140001;GOA-SUELDOS;;NO APLICA;#N/D
52140002;GOA-JORNALES;;NO APLICA;#N/D
52140003;GOA-COMISIONES PAGADAS;;NO APLICA;#N/D
52140004;GOA-BONIFICACION FAMILIAR;;NO APLICA;#N/D
52140005;GOA-VACACIONES PAGADAS;;NO APLICA;#N/D
52140006;GOA-AGUINALDOS;;NO APLICA;#N/D
52140007;GOA-APORTE PATRONAL;;NO APLICA;#N/D
52140008;GOA-INDEMNIZ. Y PRE AVISO;;NO APLICA;#N/D
52140009;GOA-PRESTACION DE ALIMENTOS;;NO APLICA;#N/D
52140010;GOA-UNIFORMES;;NO APLICA;#N/D
52140011;GOA-CAPACITACION PERSONAL;;NO APLICA;#N/D
52140012;GOA-HONORARIOS PROFESIONALES;;NO APLICA;#N/D
52140013;GOA-VIATICO Y MOVILIDAD;;NO APLICA;#N/D
52140014;GOA-COMBUSTIBLES Y LUBRICANTES;;NO APLICA;#N/D
52140015;GOA-SERVICIOS DE TERCEROS;;NO APLICA;#N/D
52140016;GOA-ALQUILERES PAGADOS;;NO APLICA;#N/D
52140017;GOA-ESTIBAJE;;NO APLICA;#N/D
52140018;GOA-REMUN. PERSONAL SUPERIOR;;NO APLICA;#N/D
52140019;GOA-SUSCRIPC. AVISOS Y PUBLIC.;;NO APLICA;#N/D
52140020;GOA-ENCOMIENDAS;;NO APLICA;#N/D
52140021;GOA-PAPELES Y UTILES DE OFICINA;;NO APLICA;#N/D
52140022;GOA-TELEFONOS Y TELEGR.;;NO APLICA;#N/D
52140023;GOA-ENERGIA ELECTRICA;;NO APLICA;#N/D
52140024;GOA-AGUA CORRIENTE;;NO APLICA;#N/D
52140025;GOA-FLETES;;NO APLICA;#N/D
52140026;GOA-GASTOS DE DEMANDA/ESCRIBANIA;;NO APLICA;#N/D
52140027;GOA-GASTOS DE PROM. Y VTAS.;;NO APLICA;#N/D
52140028;GOA-DONAC. Y CONTRIB.;;NO APLICA;#N/D
52140029;GOA-REPAR. Y MANTEN. MAQUIN. EQUIPOS;;NO APLICA;#N/D
52140030;GOA-REPAR. Y MANTEN. INMUEBLES;;NO APLICA;#N/D
52140031;GOA-SEGUROS;;NO APLICA;#N/D
52140032;GOA-GASTOS FINANCIEROS;;NO APLICA;#N/D
52140033;GOA-DESCUENTOS OTORGADOS;;NO APLICA;#N/D
52140034;GOA-CREDITOS INCOBRABLES;;NO APLICA;#N/D
52140035;GOA-DERRAME, MERMAS Y PERDIDAS MERC.;;NO APLICA;#N/D
52140036;GOA-IMPUESTOS, TASAS Y PATENTES;;NO APLICA;#N/D
52140037;GOA-DEPRECIACIONES;;NO APLICA;#N/D
52140038;GOA-I.V.A. GASTOS;;NO APLICA;#N/D
52140039;GOA-IMPUESTO A LA RENTA;;NO APLICA;#N/D
52140040;GOA-ARTICULOS DE LIMPIEZA;;NO APLICA;#N/D
52140099;GOA-OTROS GASTOS;;NO APLICA;#N/D
52150;GASTOS DISTRIBUCION SUPERMERCADOS INTERIOR;;NO APLICA;#N/D
52150001;GSI-SUELDOS;;NO APLICA;#N/D
52150002;GSI-JORNALES;;NO APLICA;#N/D
52150003;GSI-COMISIONES PAGADAS;;NO APLICA;#N/D
52150004;GSI-BONIFICACION FAMILIAR;;NO APLICA;#N/D
52150005;GSI-VACACIONES PAGADAS;;NO APLICA;#N/D
52150006;GSI-AGUINALDOS;;NO APLICA;#N/D
52150007;GSI-APORTE PATRONAL;;NO APLICA;#N/D
52150008;GSI-INDEMNIZ. Y PRE AVISO;;NO APLICA;#N/D
52150009;GSI-PRESTACION DE ALIMENTOS;;NO APLICA;#N/D
52150010;GSI-UNIFORMES;;NO APLICA;#N/D
52150011;GSI-CAPACITACION PERSONAL;;NO APLICA;#N/D
52150012;GSI-HONORARIOS PROFESIONALES;;NO APLICA;#N/D
52150013;GSI-VIATICO Y MOVILIDAD;;NO APLICA;#N/D
52150014;GSI-COMBUSTIBLES Y LUBRICANTES;;NO APLICA;#N/D
52150015;GSI-SERVICIOS DE TERCEROS;;NO APLICA;#N/D
52150016;GSI-ALQUILERES PAGADOS;;NO APLICA;#N/D
52150017;GSI-ESTIBAJE;;NO APLICA;#N/D
52150018;GSI-REMUN. PERSONAL SUPERIOR;;NO APLICA;#N/D
52150019;GSI-SUSCRIPC. AVISOS Y PUBLIC.;;NO APLICA;#N/D
52150020;GSI-ENCOMIENDAS;;NO APLICA;#N/D
52150021;GSI-PAPELES Y UTILES DE OFICINA;;NO APLICA;#N/D
52150022;GSI-TELEFONOS Y TELEGR.;;NO APLICA;#N/D
52150023;GSI-ENERGIA ELECTRICA;;NO APLICA;#N/D
52150024;GSI-AGUA CORRIENTE;;NO APLICA;#N/D
52150025;GSI-FLETES;;NO APLICA;#N/D
52150026;GSI-GASTOS DE DEMANDA/ESCRIBANIA;;NO APLICA;#N/D
52150027;GSI-GASTOS DE PROM. Y VTAS.;;NO APLICA;#N/D
52150028;GSI-DONAC. Y CONTRIB.;;NO APLICA;#N/D
52150029;GSI-REPAR. Y MANTEN. MAQUIN. EQUIPOS;;NO APLICA;#N/D
52150030;GSI-REPAR. Y MANTEN. INMUEBLES;;NO APLICA;#N/D
52150031;GSI-SEGUROS;;NO APLICA;#N/D
52150032;GSI-GASTOS FINANCIEROS;;NO APLICA;#N/D
52150033;GSI-DESCUENTOS OTORGADOS;;NO APLICA;#N/D
52150034;GSI-CREDITOS INCOBRABLES;;NO APLICA;#N/D
52150035;GSI-DERRAME, MERMAS Y PERDIDAS MERC.;;NO APLICA;#N/D
52150036;GSI-IMPUESTOS, TASAS Y PATENTES;;NO APLICA;#N/D
52150037;GSI-DEPRECIACIONES;;NO APLICA;#N/D
52150038;GSI-I.V.A. GASTOS;;NO APLICA;#N/D
52150039;GSI-IMPUESTO A LA RENTA;;NO APLICA;#N/D
52150040;GSI-ARTICULOS DE LIMPIEZA;;NO APLICA;#N/D
52150099;GSI-OTROS GASTOS;;NO APLICA;#N/D
52160;GASTOS DISTRIBUCION OTROS INTERIOR;;NO APLICA;#N/D
52160001;GOI-SUELDOS;;NO APLICA;#N/D
52160002;GOI-JORNALES;;NO APLICA;#N/D
52160003;GOI-COMISIONES PAGADAS;;NO APLICA;#N/D
52160004;GOI-BONIFICACION FAMILIAR;;NO APLICA;#N/D
52160005;GOI-VACACIONES PAGADAS;;NO APLICA;#N/D
52160006;GOI-AGUINALDOS;;NO APLICA;#N/D
52160007;GOI-APORTE PATRONAL;;NO APLICA;#N/D
52160008;GOI-INDEMNIZ. Y PRE AVISO;;NO APLICA;#N/D
52160009;GOI-PRESTACION DE ALIMENTOS;;NO APLICA;#N/D
52160010;GOI-UNIFORMES;;NO APLICA;#N/D
52160011;GOI-CAPACITACION PERSONAL;;NO APLICA;#N/D
52160012;GOI-HONORARIOS PROFESIONALES;;NO APLICA;#N/D
52160013;GOI-VIATICO Y MOVILIDAD;;NO APLICA;#N/D
52160014;GOI-COMBUSTIBLES Y LUBRICANTES;;NO APLICA;#N/D
52160015;GOI-SERVICIOS DE TERCEROS;;NO APLICA;#N/D
52160016;GOI-ALQUILERES PAGADOS;;NO APLICA;#N/D
52160017;GOI-ESTIBAJE;;NO APLICA;#N/D
52160018;GOI-REMUN. PERSONAL SUPERIOR;;NO APLICA;#N/D
52160019;GOI-SUSCRIPC. AVISOS Y PUBLIC.;;NO APLICA;#N/D
52160020;GOI-ENCOMIENDAS;;NO APLICA;#N/D
52160021;GOI-PAPELES Y UTILES DE OFICINA;;NO APLICA;#N/D
52160022;GOI-TELEFONOS Y TELEGR.;;NO APLICA;#N/D
52160023;GOI-ENERGIA ELECTRICA;;NO APLICA;#N/D
52160024;GOI-AGUA CORRIENTE;;NO APLICA;#N/D
52160025;GOI-FLETES;;NO APLICA;#N/D
52160026;GOI-GASTOS DE DEMANDA/ESCRIBANIA;;NO APLICA;#N/D
52160027;GOI-GASTOS DE PROM. Y VTAS.;;NO APLICA;#N/D
52160028;GOI-DONAC. Y CONTRIB.;;NO APLICA;#N/D
52160029;GOI-REPAR. Y MANTEN. MAQUIN. EQUIPOS;;NO APLICA;#N/D
52160030;GOI-REPAR. Y MANTEN. INMUEBLES;;NO APLICA;#N/D
52160031;GOI-SEGUROS;;NO APLICA;#N/D
52160032;GOI-GASTOS FINANCIEROS;;NO APLICA;#N/D
52160033;GOI-DESCUENTOS OTORGADOS;;NO APLICA;#N/D
52160034;GOI-CREDITOS INCOBRABLES;;NO APLICA;#N/D
52160035;GOI-DERRAME, MERMAS Y PERDIDAS MERC.;;NO APLICA;#N/D
52160036;GOI-IMPUESTOS, TASAS Y PATENTES;;NO APLICA;#N/D
52160037;GOI-DEPRECIACIONES;;NO APLICA;#N/D
52160038;GOI-I.V.A. GASTOS;;NO APLICA;#N/D
52160039;GOI-IMPUESTO A LA RENTA;;NO APLICA;#N/D
52160040;GOI-ARTICULOS DE LIMPIEZA;;NO APLICA;#N/D
52160099;GOI-OTROS GASTOS;;NO APLICA;#N/D
52170;GASTOS DE ESTACION DE SERVICIOS;;NO APLICA;#N/D
52170001;GES-SUELDOS;;NO APLICA;#N/D
52170002;GES-JORNALES;;NO APLICA;#N/D
52170003;GES-COMISIONES PAGADAS;;NO APLICA;#N/D
52170004;GES-BONIFICACION FAMILIAR;;NO APLICA;#N/D
52170005;GES-VACACIONES PAGADAS;;NO APLICA;#N/D
52170006;GES-AGUINALDOS;;NO APLICA;#N/D
52170007;GES-APORTE PATRONAL;;NO APLICA;#N/D
52170008;GES-INDEMNIZ. Y PRE AVISO;;NO APLICA;#N/D
52170009;GES-PRESTACION DE ALIMENTOS;;NO APLICA;#N/D
52170010;GES-UNIFORMES;;NO APLICA;#N/D
52170011;GES-CAPACITACION PERSONAL;;NO APLICA;#N/D
52170012;GES-HONORARIOS PROFESIONALES;;NO APLICA;#N/D
52170013;GES-VIATICO Y MOVILIDAD;;NO APLICA;#N/D
52170014;GES-COMBUSTIBLES Y LUBRICANTES;;NO APLICA;#N/D
52170015;GES-SERVICIOS DE TERCEROS;;NO APLICA;#N/D
52170016;GES-ALQUILERES PAGADOS;;NO APLICA;#N/D
52170017;GES-ESTIBAJE;;NO APLICA;#N/D
52170018;GES-REMUN. PERSONAL SUPERIOR;;NO APLICA;#N/D
52170019;GES-SUSCRIPC. AVISOS Y PUBLIC.;;NO APLICA;#N/D
52170020;GES-ENCOMIENDAS;;NO APLICA;#N/D
52170021;GES-PAPELES Y UTILES DE OFICINA;;NO APLICA;#N/D
52170022;GES-TELEFONOS Y TELEGR.;;NO APLICA;#N/D
52170023;GES-ENERGIA ELECTRICA;;NO APLICA;#N/D
52170024;GES-AGUA CORRIENTE;;NO APLICA;#N/D
52170025;GES-FLETES;;NO APLICA;#N/D
52170026;GES-GASTOS DE DEMANDA/ESCRIBANIA;;NO APLICA;#N/D
52170027;GES-GASTOS DE PROM. Y VTAS.;;NO APLICA;#N/D
52170028;GES-DONAC. Y CONTRIB.;;NO APLICA;#N/D
52170029;GES-REPAR. Y MANTEN. MAQUIN. EQUIPOS;;NO APLICA;#N/D
52170030;GES-REPAR. Y MANTEN. INMUEBLES;;NO APLICA;#N/D
52170031;GES-SEGUROS;;NO APLICA;#N/D
52170032;GES-GASTOS FINANCIEROS;;NO APLICA;#N/D
52170033;GES-DESCUENTOS OTORGADOS;;NO APLICA;#N/D
52170034;GES-CREDITOS INCOBRABLES;;NO APLICA;#N/D
52170035;GES-DERRAME, MERMAS Y PERDIDAS MERC.;;NO APLICA;#N/D
52170036;GES-IMPUESTOS, TASAS Y PATENTES;;NO APLICA;#N/D
52170037;GES-DEPRECIACIONES;;NO APLICA;#N/D
52170038;GES-I.V.A. GASTOS;;NO APLICA;#N/D
52170039;GES-IMPUESTO A LA RENTA;;NO APLICA;#N/D
52170040;GES-ARTICULOS DE LIMPIEZA;;NO APLICA;#N/D
52170099;GES-OTROS GASTOS;;NO APLICA;#N/D
52180;GASTOS DE HOTEL COLONIA-I;;NO APLICA;#N/D
52180001;GHC-SUELDOS;5.1.2.2.1.1.1;GVC_ SUELDOS Y JORNALES;553
52180002;GHC-JORNALES;5.1.2.2.1.1.1;GVC_ SUELDOS Y JORNALES;553
52180003;GHC-COMISIONES PAGADAS;5.1.2.2.1.1.2;GVC_ COMISIONES PAGADAS;554
52180004;GHC-BONIFICACION FAMILIAR;5.1.2.2.1.1.5;GVC_ BONIFICACION FAMILIAR;557
52180005;GHC-VACACIONES PAGADAS;5.1.2.2.1.1.3;GVC_ VACACIONES PAGADAS;555
52180006;GHC-AGUINALDOS;5.1.2.2.1.1.6;GVC_ AGUINALDOS;558
52180007;GHC-APORTE PATRONAL;5.1.2.2.1.1.4;GVC_ APORTE PATRONAL;556
52180008;GHC-INDEMNIZ. Y PRE AVISO;5.1.2.2.1.1.7;GVC_ INDEMNIZACION Y PREAVISO;559
52180009;GHC-PRESTACION DE ALIMENTOS;5.1.2.2.1.1.8;GVC_ PRESTACION DE ALIMENTOS;560
52180010;GHC-UNIFORMES;5.1.2.2.1.1.9;GVC_ UNIFORMES;561
52180011;GHC-CAPACITACION PERSONAL;5.1.2.2.1.1.11;GVC_ CAPACITACION AL PERSONAL;563
52180012;GHC-HONORARIOS PROFESIONALES;5.1.2.2.1.1.12;GVC_ HONORARIOS PROFESIONALES;564
52180013;GHC-VIATICO Y MOVILIDAD;5.1.2.2.1.1.14;GVC_ VIATICO Y MOBILIDAD;566
52180014;GHC-COMBUSTIBLES Y LUBRICANTES;5.1.2.2.1.1.15;GVC_ COMBUSTIBLES Y LUBRICANTES;567
52180015;GHC-SERVICIOS DE TERCEROS;5.1.2.2.1.1.16;GVC_ SERVICIOS DE TERCEROS;568
52180016;GHC-ALQUILERES PAGADOS;5.1.2.2.1.1.17;GVC_ ALQUILERES PAGADOS;569
52180017;GHC-ESTIBAJE;5.1.2.2.1.1.16;GVC_ SERVICIOS DE TERCEROS;568
52180018;GHC-REMUN. PERSONAL SUPERIOR;5.1.2.2.1.1.13;GVC_ REMUNERACION AL PERSONAL SUPERIOR;565
52180019;GHC-SUSCRIPC. AVISOS Y PUBLIC.;5.1.2.2.1.1.18;GVC_ SUSCRIPCIONES, AVISOS Y PUBLICACIONES;570
52180020;GHC-ENCOMIENDAS;5.1.2.2.1.1.19;GVC_ ENCOMIENDAS;571
52180021;GHC-PAPELES Y UTILES DE OFICINA;5.1.2.2.1.1.20;GVC_ PAPELES Y UTILES DE OFICINA;572
52180022;GHC-TELEFONOS Y TELEGR.;5.1.2.2.1.1.21;GVC_ TELEFONIA / INTERNET;573
52180023;GHC-ENERGIA ELECTRICA;5.1.2.2.1.1.22;GVC_ ENERGIA ELECTRICA;574
52180024;GHC-AGUA CORRIENTE;5.1.2.2.1.1.23;GVC_ AGUA CORRIENTE;575
52180025;GHC-FLETES;5.1.2.2.1.1.24;GVC_ FLETES PAGADOS;576
52180026;GHC-GASTOS DE DEMANDA/ESCRIBANIA;5.1.2.2.1.1.25;GVC_ GASTOS DE DEMANDA / ESCRIBANIA;577
52180027;GHC-GASTOS DE PROM. Y VTAS.;5.1.2.2.1.1.27;GVC_ GASTOS DE PROMOCION Y VENTAS;579
52180028;GHC-DONAC. Y CONTRIB.;5.1.2.2.1.1.30;GVC_ DONACIONES Y CONTRIBUCIONES;582
52180029;GHC-REPAR. Y MANTEN. MAQUIN. EQUIPOS;5.1.2.2.1.1.31;GVC_ REPARACION Y MANTENIMIENTO DE EQUIPOS;583
52180030;GHC-REPAR. Y MANTEN. INMUEBLES;5.1.2.2.1.1.32;GVC_ REPARACION Y MANTENIMIENTO DE INMUEBLES;584
52180031;GHC-SEGUROS;5.1.2.2.1.1.33;GVC_ SEGUROS CONTRATADOS (BIENES);585
52180032;GHC-GASTOS FINANCIEROS;5.1.2.2.1.1.34;GVC_ GASTOS FINANCIEROS;586
52180033;GHC-DESCUENTOS OTORGADOS;5.1.2.2.1.1.28;GVC_ DESCUENTOS OTORGADOS;580
52180034;GHC-CREDITOS INCOBRABLES;5.1.2.2.1.1.35;GVC_ CREDITOS INCOBRABLES;587
52180035;GHC-DERRAME, MERMAS Y PERDIDAS MERC.;5.1.2.2.1.1.36;GVC_ DERRAMES, MERMAS Y PERDIDAS / INVENTARIOS;588
52180036;GHC-IMPUESTOS, TASAS Y PATENTES;5.1.2.2.1.1.38;GVC_ IMPUESTOS, TASAS Y PATENTES;590
52180037;GHC-DEPRECIACIONES;5.1.2.2.1.1.39;GVC_ DEPRECIACIONES DEL EJERCICIO;591
52180038;GHC-I.V.A. GASTOS;5.1.2.2.1.1.41;GVC_ I.V.A. GASTOS (GND);593
52180039;GHC-IMPUESTO A LA RENTA;5.1.2.2.1.1.42;GVC_ IMPUESTO A LA RENTA;594
52180040;GHC-ARTICULOS DE LIMPIEZA;5.1.2.2.1.1.37;GVC_ ARTICULOS DE LIMPIEZA;589
52180099;GHC-OTROS GASTOS;5.1.2.2.1.1.44;GVC_ OTROS GASTOS DE VENTAS;596
52190;GASTOS DE GANADERIA;;NO APLICA;#N/D
52190001;GGA-SUELDOS;5.1.2.2.1.1.1;GVC_ SUELDOS Y JORNALES;553
52190002;GGA-JORNALES;5.1.2.2.1.1.1;GVC_ SUELDOS Y JORNALES;553
52190003;GGA-COMISIONES PAGADAS;5.1.2.2.1.1.2;GVC_ COMISIONES PAGADAS;554
52190004;GGA-BONIFICACION FAMILIAR;5.1.2.2.1.1.5;GVC_ BONIFICACION FAMILIAR;557
52190005;GGA-VACACIONES PAGADAS;5.1.2.2.1.1.3;GVC_ VACACIONES PAGADAS;555
52190006;GGA-AGUINALDOS;5.1.2.2.1.1.6;GVC_ AGUINALDOS;558
52190007;GGA-APORTE PATRONAL;5.1.2.2.1.1.4;GVC_ APORTE PATRONAL;556
52190008;GGA-INDEMNIZ. Y PRE AVISO;5.1.2.2.1.1.7;GVC_ INDEMNIZACION Y PREAVISO;559
52190009;GGA-PRESTACION DE ALIMENTOS;5.1.2.2.1.1.8;GVC_ PRESTACION DE ALIMENTOS;560
52190010;GGA-UNIFORMES;5.1.2.2.1.1.9;GVC_ UNIFORMES;561
52190011;GGA-CAPACITACION PERSONAL;5.1.2.2.1.1.11;GVC_ CAPACITACION AL PERSONAL;563
52190012;GGA-HONORARIOS PROFESIONALES;5.1.2.2.1.1.12;GVC_ HONORARIOS PROFESIONALES;564
52190013;GGA-VIATICO Y MOVILIDAD;5.1.2.2.1.1.14;GVC_ VIATICO Y MOBILIDAD;566
52190014;GGA-COMBUSTIBLES Y LUBRICANTES;5.1.2.2.1.1.15;GVC_ COMBUSTIBLES Y LUBRICANTES;567
52190015;GGA-SERVICIOS DE TERCEROS;5.1.2.2.1.1.16;GVC_ SERVICIOS DE TERCEROS;568
52190016;GGA-ALQUILERES PAGADOS;5.1.2.2.1.1.17;GVC_ ALQUILERES PAGADOS;569
52190017;GGA-ESTIBAJE;5.1.2.2.1.1.16;GVC_ SERVICIOS DE TERCEROS;568
52190018;GGA-REMUN. PERSONAL SUPERIOR;5.1.2.2.1.1.13;GVC_ REMUNERACION AL PERSONAL SUPERIOR;565
52190019;GGA-SUSCRIPC. AVISOS Y PUBLIC.;5.1.2.2.1.1.18;GVC_ SUSCRIPCIONES, AVISOS Y PUBLICACIONES;570
52190020;GGA-ENCOMIENDAS;5.1.2.2.1.1.19;GVC_ ENCOMIENDAS;571
52190021;GGA-PAPELES Y UTILES DE OFICINA;5.1.2.2.1.1.20;GVC_ PAPELES Y UTILES DE OFICINA;572
52190022;GGA-TELEFONOS Y TELEGR.;5.1.2.2.1.1.21;GVC_ TELEFONIA / INTERNET;573
52190023;GGA-ENERGIA ELECTRICA;5.1.2.2.1.1.22;GVC_ ENERGIA ELECTRICA;574
52190024;GGA-AGUA CORRIENTE;5.1.2.2.1.1.23;GVC_ AGUA CORRIENTE;575
52190025;GGA-FLETES;5.1.2.2.1.1.24;GVC_ FLETES PAGADOS;576
52190026;GGA-GASTOS DE DEMANDA/ESCRIBANIA;5.1.2.2.1.1.25;GVC_ GASTOS DE DEMANDA / ESCRIBANIA;577
52190027;GGA-GASTOS DE PROM. Y VTAS.;5.1.2.2.1.1.27;GVC_ GASTOS DE PROMOCION Y VENTAS;579
52190028;GGA-DONAC. Y CONTRIB.;5.1.2.2.1.1.30;GVC_ DONACIONES Y CONTRIBUCIONES;582
52190029;GGA-REPAR. Y MANTEN. MAQUIN. EQUIPOS;5.1.2.2.1.1.31;GVC_ REPARACION Y MANTENIMIENTO DE EQUIPOS;583
52190030;GGA-REPAR. Y MANTEN. INMUEBLES;5.1.2.2.1.1.32;GVC_ REPARACION Y MANTENIMIENTO DE INMUEBLES;584
52190031;GGA-SEGUROS;5.1.2.2.1.1.33;GVC_ SEGUROS CONTRATADOS (BIENES);585
52190032;GGA-GASTOS FINANCIEROS;5.1.2.2.1.1.34;GVC_ GASTOS FINANCIEROS;586
52190033;GGA-DESCUENTOS OTORGADOS;5.1.2.2.1.1.28;GVC_ DESCUENTOS OTORGADOS;580
52190034;GGA-CREDITOS INCOBRABLES;5.1.2.2.1.1.35;GVC_ CREDITOS INCOBRABLES;587
52190035;GGA-DERRAME, MERMAS Y PERDIDAS MERC.;5.1.2.2.1.1.36;GVC_ DERRAMES, MERMAS Y PERDIDAS / INVENTARIOS;588
52190036;GGA-IMPUESTOS, TASAS Y PATENTES;5.1.2.2.1.1.38;GVC_ IMPUESTOS, TASAS Y PATENTES;590
52190037;GGA-DEPRECIACIONES;5.1.2.2.1.1.39;GVC_ DEPRECIACIONES DEL EJERCICIO;591
52190038;GGA-I.V.A. GASTOS;5.1.2.2.1.1.41;GVC_ I.V.A. GASTOS (GND);593
52190039;GGA-IMPUESTO A LA RENTA;5.1.2.2.1.1.42;GVC_ IMPUESTO A LA RENTA;594
52190040;GGA-ARTICULOS DE LIMPIEZA;5.1.2.2.1.1.37;GVC_ ARTICULOS DE LIMPIEZA;589
52190050;GGA-SUPLEMENTACION MINERAL;5.1.2.2.1.1.45;GVC_ SUPLEMENTACION ANIMAL;684
52190051;GGA-SUPLEMENTACION CONCENTRADA;5.1.2.2.1.1.45;GVC_ SUPLEMENTACION ANIMAL;684
52190052;GGA-SUPLEMENTACION FORRAJE;5.1.2.2.1.1.45;GVC_ SUPLEMENTACION ANIMAL;684
52190053;GGA-INSEMINACION ARTIFICIAL;5.1.2.2.1.1.46;GVC_ INSEMINACION ARTIFICIAL;685
52190054;GGA-SANITACION ANIMAL;5.1.2.2.1.1.47;GVC_ SANITACION ANIMAL;686
52190099;GGA-OTROS GASTOS;5.1.2.2.1.1.44;GVC_ OTROS GASTOS DE VENTAS;596
522;GASTOS DE DEPOSITO;;NO APLICA;#N/D
52210;GASTOS DE DEPOSITO;;NO APLICA;#N/D
52210001;GDD-SUELDOS;5.1.2.2.1.1.1;GVC_ SUELDOS Y JORNALES;553
52210002;GDD-JORNALES;5.1.2.2.1.1.1;GVC_ SUELDOS Y JORNALES;553
52210003;GDD-COMISIONES PAGADAS;5.1.2.2.1.1.2;GVC_ COMISIONES PAGADAS;554
52210004;GDD-BONIFICACION FAMILIAR;5.1.2.2.1.1.5;GVC_ BONIFICACION FAMILIAR;557
52210005;GDD-VACACIONES PAGADAS;5.1.2.2.1.1.3;GVC_ VACACIONES PAGADAS;555
52210006;GDD-AGUINALDOS;5.1.2.2.1.1.6;GVC_ AGUINALDOS;558
52210007;GDD-APORTE PATRONAL;5.1.2.2.1.1.4;GVC_ APORTE PATRONAL;556
52210008;GDD-INDEMNIZ. Y PRE AVISO;5.1.2.2.1.1.7;GVC_ INDEMNIZACION Y PREAVISO;559
52210009;GDD-PRESTACION DE ALIMENTOS;5.1.2.2.1.1.8;GVC_ PRESTACION DE ALIMENTOS;560
52210010;GDD-UNIFORMES;5.1.2.2.1.1.9;GVC_ UNIFORMES;561
52210011;GDD-CAPACITACION PERSONAL;5.1.2.2.1.1.11;GVC_ CAPACITACION AL PERSONAL;563
52210012;GDD-HONORARIOS PROFESIONALES;5.1.2.2.1.1.12;GVC_ HONORARIOS PROFESIONALES;564
52210013;GDD-VIATICO Y MOVILIDAD;5.1.2.2.1.1.14;GVC_ VIATICO Y MOBILIDAD;566
52210014;GDD-COMBUSTIBLES Y LUBRICANTES;5.1.2.2.1.1.15;GVC_ COMBUSTIBLES Y LUBRICANTES;567
52210015;GDD-SERVICIOS DE TERCEROS;5.1.2.2.1.1.16;GVC_ SERVICIOS DE TERCEROS;568
52210016;GDD-ALQUILERES PAGADOS;5.1.2.2.1.1.17;GVC_ ALQUILERES PAGADOS;569
52210017;GDD-ESTIBAJE;5.1.2.2.1.1.16;GVC_ SERVICIOS DE TERCEROS;568
52210018;GDD-REMUN.PERSONAL SUPERIOR;5.1.2.2.1.1.13;GVC_ REMUNERACION AL PERSONAL SUPERIOR;565
52210019;GDD-SUSCRIPC. AVISOS Y PUBLIC;5.1.2.2.1.1.18;GVC_ SUSCRIPCIONES, AVISOS Y PUBLICACIONES;570
52210020;GDD-ENCOMIENDAS;5.1.2.2.1.1.19;GVC_ ENCOMIENDAS;571
52210021;GDD-PAPELES Y UTILES DE OFICINA;5.1.2.2.1.1.20;GVC_ PAPELES Y UTILES DE OFICINA;572
52210022;GDD-TELEFONOS Y TELEGR.;5.1.2.2.1.1.21;GVC_ TELEFONIA / INTERNET;573
52210023;GDD-ENERGIA ELECTRICA;5.1.2.2.1.1.22;GVC_ ENERGIA ELECTRICA;574
52210024;GDD-AGUA CORRIENTE;5.1.2.2.1.1.23;GVC_ AGUA CORRIENTE;575
52210025;GDD-FLETES;5.1.2.2.1.1.24;GVC_ FLETES PAGADOS;576
52210026;GDD-GASTOS DE DEMANDA/ESCRIBANIA;5.1.2.2.1.1.25;GVC_ GASTOS DE DEMANDA / ESCRIBANIA;577
52210027;GDD-GASTOS DE PROM Y VTAS;5.1.2.2.1.1.27;GVC_ GASTOS DE PROMOCION Y VENTAS;579
52210028;GDD-DONAC. Y CONTRIB;5.1.2.2.1.1.30;GVC_ DONACIONES Y CONTRIBUCIONES;582
52210029;GDD-REPAR Y MANTEN.MAQUIN.EQUIPOS;5.1.2.2.1.1.31;GVC_ REPARACION Y MANTENIMIENTO DE EQUIPOS;583
52210030;GDD-REPAR. Y MANTEN.INMUEBLES;5.1.2.2.1.1.32;GVC_ REPARACION Y MANTENIMIENTO DE INMUEBLES;584
52210031;GDD-SEGUROS;5.1.2.2.1.1.33;GVC_ SEGUROS CONTRATADOS (BIENES);585
52210032;GDD-GASTOS FINANCIEROS;5.1.2.2.1.1.34;GVC_ GASTOS FINANCIEROS;586
52210033;GDD-DESCUENTOS OTORGADOS;5.1.2.2.1.1.28;GVC_ DESCUENTOS OTORGADOS;580
52210034;GDD-CREDITOS INCOBRABLES;5.1.2.2.1.1.35;GVC_ CREDITOS INCOBRABLES;587
52210035;GDD-DERRAME, MERMAS Y PERDIDAS MERC;5.1.2.2.1.1.36;GVC_ DERRAMES, MERMAS Y PERDIDAS / INVENTARIOS;588
52210036;GDD-IMPUESTOS, TASAS Y PATENTS;5.1.2.2.1.1.38;GVC_ IMPUESTOS, TASAS Y PATENTES;590
52210037;GDD-DEPRECIACIONES;5.1.2.2.1.1.39;GVC_ DEPRECIACIONES DEL EJERCICIO;591
52210038;GDD-I.V.A GASTOS;5.1.2.2.1.1.41;GVC_ I.V.A. GASTOS (GND);593
52210039;GDD-IMPUESTO A LA RENTA;5.1.2.2.1.1.42;GVC_ IMPUESTO A LA RENTA;594
52210040;GDD-ARTICULOS DE LIMPIEZA;5.1.2.2.1.1.37;GVC_ ARTICULOS DE LIMPIEZA;589
52210050;GDD-SUPLEMENTACION MINERAL;;NO APLICA;#N/D
52210051;GDD-SUPLEMENTACION CONCENTRADA;;NO APLICA;#N/D
52210052;GDD-SUPLEMENTACION FORRAJE;;NO APLICA;#N/D
52210053;GDD-INSEMINACION ARTIFICIAL;;NO APLICA;#N/D
52210054;GDD-SANITACION ANIMAL;;NO APLICA;#N/D
52210099;GDD-OTROS GASTOS;5.1.2.2.1.1.44;GVC_ OTROS GASTOS DE VENTAS;596
6;INGRESOS NO OPERATIVOS;;NO APLICA;#N/D
61;INGRESOS VARIOS;;NO APLICA;#N/D
611;INGRESOS VARIOS;;NO APLICA;#N/D
61110;INGRESOS VARIOS;;NO APLICA;#N/D
61110001;IV-VENTAS VARIAS;4.2.1.1.1.1.1;IV_ VENTAS VARIAS;460
61110002;IV-ACTIVO FIJO;4.2.1.1.1.1.2;IV_ UTILIDAD EN VENTA DE ACTIVO FIJO;461
61110003;IV-INGRESOS PARTICIPACIONES;4.2.1.1.1.1.5;IV_ UTILIDAD POR PARTICIPACIONES EN OTRAS EMPRESAS;464
61110004;IV-ALQUILERES COBRADOS;4.1.2.1.1.1.2;ALQUILERES COBRADOS;453
61110005;IV-ARRENDAMIENTOS;4.1.2.1.1.1.1;ARRENDAMIENTOS DE TIERRAS;452
61110006;IV-HOSPEDAJE;4.1.2.1.1.1.3;HOSPEDAJE / HOTEL COLONIA I;454
61110007;IV-DIFERENCIA DE CAMBIO;4.2.1.1.1.1.6;IV_ DIFERENCIAS DE CAMBIOS;465
61110008;IV-INTERESES FIN. COBRADOS;4.2.1.1.1.1.7;IV_ INTERESES BANCARIOS COBRADOS;466
61110009;IV-INTERESES COM. COBRADOS;4.2.1.1.1.1.8;IV_ INTERESES COMERCIALES COBRADOS;467
61110010;IV-SOBRANTES EN CAJA;4.2.1.1.1.1.9;IV_ SOBRANTES EN CAJA;468
61110011;IV-DESCUENTOS OBTENIDOS;4.2.1.1.1.1.10;IV_ DESCUENTOS OBTENIDOS;469
61110012;IV-ALQUILER DE MAQUINARIAS;4.2.1.1.1.1.19;IV_ OTROS INGRESOS NO OPERATIVOS;621
61110013;IV-INDEMN. SINIESTROS RECUPERADOS;4.2.1.1.1.1.11;IV_ INDEMNIZACION SINIESTROS RECUPERADOS;470
61110014;IV-ING. POR PREVISIONES S/ MALOS CREDITOS;4.2.1.1.1.1.19;IV_ OTROS INGRESOS NO OPERATIVOS;621
61110015;IV-CREDITOS RECUPERADOS;4.2.1.1.1.1.12;IV_ CREDITOS RECUPERADOS;471
61110016;IV-SERVICIO DE COSECHA;4.2.1.1.1.1.19;IV_ OTROS INGRESOS NO OPERATIVOS;621
61110017;IV-MULTAS Y RECARGOS COBRADOS;4.2.1.1.1.1.19;IV_ OTROS INGRESOS NO OPERATIVOS;621
61110018;IV-DONACIONES;4.2.1.1.1.1.19;IV_ OTROS INGRESOS NO OPERATIVOS;621
61110019;IV-INTERESES GANADOS CAJA DE AHORRO;4.2.1.1.1.1.13;IV_ INTERESES GANADOS CAJA DE AHORRO;472
61110020;IV-DIFERENCIA EN COSTEO DE IMPORTACIONES;4.2.1.1.1.1.14;IV_ DIFERENCIA EN COSTEO DE IMPORTACIONES;473
61110021;IV-SERVICIOS VARIOS;4.2.1.1.1.1.15;IV_ SERVICIOS VARIOS;474
61110022;IV-SERVICIOS VARIOS FORESTALES;4.2.1.1.1.1.15;IV_ SERVICIOS VARIOS;474
61110023;IV - INGRESOS POR EXCLUSIVIDAD PETROBRAS;4.2.1.1.1.1.19;IV_ OTROS INGRESOS NO OPERATIVOS;621
61110024;IV- VALUACION DE HACIENDA;4.2.1.1.1.1.16;IV_ UTILIDAD POR VALUACION DE HACIENDA;475
61110025;IV- VENTA DE INMUEBLES;4.2.1.1.1.1.3;IV_ UTILIDAD EN VENTA DE INMUEBLES RURALES;462
61110026;IV- VENTA DE CREDITO FISCAL DISP.;4.2.1.1.1.1.17;IV_ VENTA DE CREDITO FISCAL DISPONIBLE;476
61110099;IV-OTROS INGRESOS;4.2.1.1.1.1.19;IV_ OTROS INGRESOS NO OPERATIVOS;621
7;EGRESOS NO OPERATIVOS;;NO APLICA;#N/D
71;EGRESOS VARIOS;;NO APLICA;#N/D
711;EGRESOS VARIOS;;NO APLICA;#N/D
71110;EGRESOS VARIOS;;NO APLICA;#N/D
71110001;EV-EGRESOS VARIOS;5.2.1.1.1.1.1;EV_ COSTOS VARIOS;602
71110002;EV-ACTIVO FIJO;5.2.1.1.1.1.2;EV_ PERDIDAS EN VENTA DE ACTIVOS FIJOS;603
71110003;EV-PERDIDAS EN PARTICIPACIONES;5.2.1.1.1.1.5;EV_ PERDIDAS EN PARTICIPACIONES EN OTRAS EMPRESAS;606
71110004;EV-ALQUILERES PAGADOS;5.2.1.1.1.1.19;EV_ OTROS EGRESOS NO OPERATIVOS;620
71110005;EV-ARRENDAMIENTOS;5.2.1.1.1.1.19;EV_ OTROS EGRESOS NO OPERATIVOS;620
71110006;EV-HOSPEDAJES;5.2.1.1.1.1.19;EV_ OTROS EGRESOS NO OPERATIVOS;620
71110007;EV-DIFERENCIA EN CAMBIO;5.2.1.1.1.1.6;EV_ DIFERENCIAS DE CAMBIOS;607
71110008;EV-INTERESES FIN. PAGADOS;5.2.1.1.1.1.7;EV_ INTERESES BANCARIOS PAGADOS;608
71110009;EV-INTERESES COM. PAGADOS;5.2.1.1.1.1.8;EV_ INTERESES COMERCIALES PAGADOS;609
71110010;EV-FALTANTES EN CAJA;5.2.1.1.1.1.9;EV_ FALTANTES EN CAJA;610
71110011;EV-DESCUENTOS OTORGADOS;5.2.1.1.1.1.10;EV_ OTROS DESCUENTOS OTORGADOS;611
71110012;EV-ALQUILER DE MAQUINARIAS;5.2.1.1.1.1.19;EV_ OTROS EGRESOS NO OPERATIVOS;620
71110013;EV-PERDIDAS POR SINIESTROS;5.2.1.1.1.1.11;EV_ PERDIDAS POR SINIESTROS;612
71110014;EV-PREVISIONES S/ MALOS CREDITOS;5.2.1.1.1.1.19;EV_ OTROS EGRESOS NO OPERATIVOS;620
71110015;EV-CREDITOS INCOBRABLES;5.2.1.1.1.1.19;EV_ OTROS EGRESOS NO OPERATIVOS;620
71110016;EV-SERVICIOS DE COSECHA;5.2.1.1.1.1.19;EV_ OTROS EGRESOS NO OPERATIVOS;620
71110017;EV-MULTAS Y RECARGOS;5.2.1.1.1.1.19;EV_ OTROS EGRESOS NO OPERATIVOS;620
71110018;EV-DONACIONES MUNICIPALIDAD TEBICUARY;5.2.1.1.1.1.19;EV_ OTROS EGRESOS NO OPERATIVOS;620
71110019;EV-GASTOS FINANCIEROS;5.2.1.1.1.1.19;EV_ OTROS EGRESOS NO OPERATIVOS;620
71110020;EV-DIFERENCIA EN COSTEO DE IMPORTACIONES;5.2.1.1.1.1.14;EV_ DIFERENCIA EN COSTEO DE IMPORTACION;615
71110021;EV-SERVICIOS VARIOS;5.2.1.1.1.1.15;EV_ COSTOS DE SERVICIOS VARIOS;616
71110022;EV-SERVICIOS VARIOS FORESTALES;5.2.1.1.1.1.15;EV_ COSTOS DE SERVICIOS VARIOS;616
71110024;EV- VALUACION DE HACIENDA;5.2.1.1.1.1.16;EV_ PERDIDA POR VALUACION DE HACIENDA;617
71110025;EV - VENTA DE INMUEBLE;5.2.1.1.1.1.3;EV_ PERDIDAS EN VENTA DE INMUEBLES RURALES;604
71110026;EV - VENTA DE CREDITO FISCAL;5.2.1.1.1.1.17;EV_ COSTO DE CREDITO FISCAL DISPONIBLE;618
71110098;EV-RESERVAS PARA INVERSIONES;5.2.1.1.1.1.19;EV_ OTROS EGRESOS NO OPERATIVOS;620
71110099;EV-OTROS EGRESOS;5.2.1.1.1.1.19;EV_ OTROS EGRESOS NO OPERATIVOS;620
8;CUENTAS DE ORDEN DEUDORAS;;NO APLICA;#N/D
9;CUENTAS DE ORDEN ACREEDORAS;;NO APLICA;#N/D
